Date,open,high,low,close
1/2/2020 9:15,1442,1454,1442,1452.15
1/2/2020 9:30,1452.15,1469,1452.1,1468.95
1/2/2020 9:45,1468.8,1473,1464,1471.5
1/2/2020 10:00,1471.5,1477.85,1471.1,1476
1/2/2020 10:15,1476,1483.5,1475.4,1482.6
1/2/2020 10:30,1483.1,1489.6,1482.3,1488
1/2/2020 10:45,1488,1493,1487,1492.8
1/2/2020 11:00,1492.8,1493,1483.55,1483.55
1/2/2020 11:15,1483.55,1485,1482,1484.95
1/2/2020 11:30,1484.95,1489.75,1484,1488.3
1/2/2020 11:45,1488.3,1489,1486.05,1488
1/2/2020 12:00,1488,1489,1486.1,1487.55
1/2/2020 12:15,1488,1489,1485.5,1487.8
1/2/2020 12:30,1487.8,1498,1487,1495
1/2/2020 12:45,1495,1496.9,1493.65,1494.9
1/2/2020 13:00,1494.9,1496.9,1493.65,1494.85
1/2/2020 13:15,1494.85,1501.7,1494.05,1500.1
1/2/2020 13:30,1500.1,1501.5,1496.5,1497.4
1/2/2020 13:45,1497.4,1497.5,1491.15,1494.7
1/2/2020 14:00,1494.7,1496.9,1492.6,1493
1/2/2020 14:15,1493,1495.1,1492,1493.95
1/2/2020 14:30,1493.95,1494.7,1492.15,1493.15
1/2/2020 14:45,1493.15,1494,1492.5,1493
1/2/2020 15:00,1493,1494,1491,1492.8
1/2/2020 15:15,1492.6,1495.95,1492,1494.8
1/3/2020 9:15,1493,1494,1482.75,1489.6
1/3/2020 9:30,1489.6,1490,1479.6,1481.4
1/3/2020 9:45,1482.3,1485.75,1480.2,1484
1/3/2020 10:00,1484,1488.65,1482.6,1484.65
1/3/2020 10:15,1484.65,1493.1,1483.5,1490.4
1/3/2020 10:30,1490.4,1490.95,1485.1,1486.75
1/3/2020 10:45,1486.3,1487.95,1484.6,1484.9
1/3/2020 11:00,1484.9,1485.55,1482.5,1483.75
1/3/2020 11:15,1483.75,1483.75,1482.1,1482.5
1/3/2020 11:30,1482.5,1483,1477.75,1478.75
1/3/2020 11:45,1478.75,1480.65,1476,1478.2
1/3/2020 12:00,1478.2,1478.2,1472,1473.5
1/3/2020 12:15,1473.5,1474.1,1471.85,1472.6
1/3/2020 12:30,1472.5,1472.9,1471.6,1472.5
1/3/2020 12:45,1472.5,1475,1472.5,1474.65
1/3/2020 13:00,1474.65,1477.4,1474.05,1475.4
1/3/2020 13:15,1475.4,1475.45,1471.7,1473.6
1/3/2020 13:30,1473.6,1475.2,1473.55,1473.9
1/3/2020 13:45,1473.9,1475,1472.45,1474.05
1/3/2020 14:00,1474.05,1474.2,1470,1470.75
1/3/2020 14:15,1470.75,1472,1469.3,1471.95
1/3/2020 14:30,1472,1472.45,1470.3,1471.6
1/3/2020 14:45,1471.6,1471.95,1467.1,1468.4
1/3/2020 15:00,1468.5,1479.55,1468.25,1478.15
1/3/2020 15:15,1478.15,1480,1475.8,1476.8
1/6/2020 9:15,1462.1,1469.85,1453.5,1454.4
1/6/2020 9:30,1454.05,1454.05,1446.25,1448.1
1/6/2020 9:45,1448,1453.4,1448,1452.75
1/6/2020 10:00,1452.75,1456.85,1452.35,1453.55
1/6/2020 10:15,1453.55,1454.7,1450,1453.1
1/6/2020 10:30,1453.1,1453.1,1449,1450.1
1/6/2020 10:45,1450.1,1450.3,1447.25,1449.3
1/6/2020 11:00,1449.3,1449.3,1443.5,1446.2
1/6/2020 11:15,1446.2,1447,1443.5,1446.45
1/6/2020 11:30,1446.45,1446.95,1444.05,1445.5
1/6/2020 11:45,1445.5,1450.45,1445.25,1448.3
1/6/2020 12:00,1448.3,1449.85,1445.05,1445.5
1/6/2020 12:15,1445.5,1450,1445.5,1448.35
1/6/2020 12:30,1448.35,1449,1445.4,1445.7
1/6/2020 12:45,1445.7,1446,1440.1,1440.15
1/6/2020 13:00,1440.75,1443.9,1440.15,1443.65
1/6/2020 13:15,1443.65,1444.9,1441.15,1444.5
1/6/2020 13:30,1444.5,1448,1444.1,1447.25
1/6/2020 13:45,1447.25,1448,1444,1444.3
1/6/2020 14:00,1444,1445,1440.1,1440.1
1/6/2020 14:15,1440.1,1441,1437.35,1439.5
1/6/2020 14:30,1439.5,1439.5,1433.25,1436.4
1/6/2020 14:45,1436.4,1442.75,1433.95,1441.2
1/6/2020 15:00,1441.2,1441.95,1430.55,1433.55
1/6/2020 15:15,1433.55,1438,1432.5,1432.5
1/7/2020 9:15,1450,1459.2,1450,1454.65
1/7/2020 9:30,1455.45,1465.05,1454.65,1461
1/7/2020 9:45,1461,1464.9,1452.15,1455
1/7/2020 10:00,1455,1455.3,1447.8,1453
1/7/2020 10:15,1453,1456,1453,1453.5
1/7/2020 10:30,1453.5,1453.8,1450.3,1450.3
1/7/2020 10:45,1450.3,1451.9,1449,1449.5
1/7/2020 11:00,1449.5,1449.5,1442,1445.3
1/7/2020 11:15,1445.3,1447,1442,1445.4
1/7/2020 11:30,1445.4,1451.15,1444.9,1446.2
1/7/2020 11:45,1446.15,1446.15,1438.1,1441
1/7/2020 12:00,1441,1444,1439.4,1443
1/7/2020 12:15,1443,1447.45,1442.7,1443
1/7/2020 12:30,1443,1445.2,1442.7,1444.4
1/7/2020 12:45,1444,1447.35,1443.2,1443.55
1/7/2020 13:00,1444.25,1444.25,1438.7,1441.35
1/7/2020 13:15,1441.35,1442.8,1437.15,1438
1/7/2020 13:30,1438,1442.55,1436,1441.1
1/7/2020 13:45,1441.1,1445.1,1440.95,1441.75
1/7/2020 14:00,1441.75,1453.25,1441.1,1453
1/7/2020 14:15,1453.15,1458,1451.6,1453.5
1/7/2020 14:30,1453.5,1464,1453.25,1458.85
1/7/2020 14:45,1458.85,1458.85,1453.35,1455.5
1/7/2020 15:00,1455.5,1456,1452.6,1455
1/7/2020 15:15,1454.95,1460,1452.55,1453.1
1/8/2020 9:15,1435,1449.25,1435,1443.6
1/8/2020 9:30,1443.6,1457.45,1440.1,1455.2
1/8/2020 9:45,1454.6,1464,1454.6,1460.25
1/8/2020 10:00,1460.25,1470.55,1459.05,1468.5
1/8/2020 10:15,1468.5,1477,1468.5,1472
1/8/2020 10:30,1472.55,1474.1,1466.2,1466.3
1/8/2020 10:45,1466.3,1467.05,1463.75,1465.9
1/8/2020 11:00,1465.9,1465.95,1459.1,1460.75
1/8/2020 11:15,1460.5,1465.45,1460.1,1462.75
1/8/2020 11:30,1462.75,1463.9,1461,1461
1/8/2020 11:45,1460.8,1462.75,1457.5,1461.25
1/8/2020 12:00,1461.25,1462.8,1460.5,1462
1/8/2020 12:15,1461.9,1462,1459.05,1459.95
1/8/2020 12:30,1460,1466.95,1459,1462.7
1/8/2020 12:45,1462.7,1469.45,1462.7,1468
1/8/2020 13:00,1468,1473.1,1467.95,1471
1/8/2020 13:15,1470.95,1470.95,1467.4,1469.45
1/8/2020 13:30,1469.45,1470.9,1468,1468
1/8/2020 13:45,1468.85,1469,1468,1468.95
1/8/2020 14:00,1468.95,1469,1466.05,1466.35
1/8/2020 14:15,1466.35,1466.65,1460.15,1461.8
1/8/2020 14:30,1461.75,1465.9,1460.55,1465
1/8/2020 14:45,1465,1466.85,1461.1,1466
1/8/2020 15:00,1465.95,1466.75,1462,1464.25
1/8/2020 15:15,1464.25,1464.7,1459.35,1460.15
1/9/2020 9:15,1478,1479.75,1470.9,1472.4
1/9/2020 9:30,1472.4,1485,1472.4,1484.35
1/9/2020 9:45,1484.65,1488.45,1481.45,1486.6
1/9/2020 10:00,1486.6,1489.5,1482.8,1484.45
1/9/2020 10:15,1484.45,1486.85,1481.85,1482.1
1/9/2020 10:30,1482.1,1484.85,1480,1484.3
1/9/2020 10:45,1484.3,1485,1482.45,1483
1/9/2020 11:00,1483,1484,1477,1482
1/9/2020 11:15,1482,1484.95,1479.05,1480.75
1/9/2020 11:30,1480.05,1481,1480,1480.5
1/9/2020 11:45,1480.45,1483,1480.05,1482.5
1/9/2020 12:00,1482.05,1483,1481.8,1483
1/9/2020 12:15,1482.95,1484.95,1482.25,1484.9
1/9/2020 12:30,1484.4,1487.3,1483.5,1487.3
1/9/2020 12:45,1487.3,1488,1485.2,1485.65
1/9/2020 13:00,1485.65,1486.6,1483.75,1485.35
1/9/2020 13:15,1484.7,1491.25,1484.4,1489
1/9/2020 13:30,1489,1490,1480.75,1481.4
1/9/2020 13:45,1480.55,1481.4,1475,1476.3
1/9/2020 14:00,1476.25,1480.35,1475.25,1479.2
1/9/2020 14:15,1478.9,1480.55,1477.35,1480.5
1/9/2020 14:30,1480.05,1483.95,1478.7,1483.6
1/9/2020 14:45,1483.05,1484.9,1482,1484.5
1/9/2020 15:00,1484.5,1488.3,1484.5,1486
1/9/2020 15:15,1486,1488.9,1481.25,1483.9
1/10/2020 9:15,1495,1498,1489,1496.7
1/10/2020 9:30,1496.75,1497.55,1487.25,1493
1/10/2020 9:45,1493,1515.9,1491.9,1508.7
1/10/2020 10:00,1509.75,1518.9,1508.7,1515.1
1/10/2020 10:15,1515.15,1517.4,1514.5,1517.05
1/10/2020 10:30,1517.05,1523.25,1516,1521.75
1/10/2020 10:45,1522.85,1524.95,1517,1519
1/10/2020 11:00,1519,1522.95,1517.85,1521.9
1/10/2020 11:15,1521.65,1523,1521,1522.3
1/10/2020 11:30,1522.3,1522.75,1517.1,1518.45
1/10/2020 11:45,1519,1521.6,1518.45,1519.8
1/10/2020 12:00,1519.8,1520.7,1519,1520.3
1/10/2020 12:15,1520.3,1523.8,1519,1520.75
1/10/2020 12:30,1520.75,1521.75,1519.9,1521.75
1/10/2020 12:45,1521.75,1523,1520.3,1521.5
1/10/2020 13:00,1521.5,1521.5,1513.4,1516.75
1/10/2020 13:15,1516.75,1519,1515.35,1516.85
1/10/2020 13:30,1517,1517,1510.5,1511.1
1/10/2020 13:45,1511,1512,1509.8,1510.3
1/10/2020 14:00,1510.3,1512.45,1508,1509.7
1/10/2020 14:15,1509.7,1511.5,1508.05,1509.8
1/10/2020 14:30,1509.8,1518,1508.45,1512.45
1/10/2020 14:45,1512.45,1513.6,1507.5,1509.95
1/10/2020 15:00,1510,1515,1509.75,1511.65
1/10/2020 15:15,1511.6,1512.2,1508.1,1510
1/13/2020 9:15,1518.85,1530.7,1514.45,1519.5
1/13/2020 9:30,1519.5,1522.7,1517.1,1518
1/13/2020 9:45,1518.7,1520,1514.75,1518.95
1/13/2020 10:00,1518.95,1527.55,1517.2,1527.55
1/13/2020 10:15,1527.55,1529,1523.7,1524.1
1/13/2020 10:30,1524.5,1526.75,1524,1525.45
1/13/2020 10:45,1525.45,1528,1523,1526.85
1/13/2020 11:00,1526.9,1526.9,1522,1523.2
1/13/2020 11:15,1522.5,1526,1522.5,1525.2
1/13/2020 11:30,1525.2,1525.55,1522.5,1525.5
1/13/2020 11:45,1525.45,1526.7,1523.75,1525
1/13/2020 12:00,1525,1525,1519.7,1522.35
1/13/2020 12:15,1522.25,1524.7,1522.2,1524
1/13/2020 12:30,1523.95,1526.05,1523,1525
1/13/2020 12:45,1525,1527.55,1524.6,1526.05
1/13/2020 13:00,1526.1,1526.45,1523.2,1523.2
1/13/2020 13:15,1523.2,1526,1522.45,1524.6
1/13/2020 13:30,1524.6,1524.6,1522.3,1522.85
1/13/2020 13:45,1523.3,1524,1522.6,1524
1/13/2020 14:00,1524,1524,1521,1523.3
1/13/2020 14:15,1523.3,1526.95,1523,1525.75
1/13/2020 14:30,1525.7,1529.4,1525.7,1528.7
1/13/2020 14:45,1528.7,1530.6,1527.05,1528
1/13/2020 15:00,1528.05,1528.15,1523.25,1525.1
1/13/2020 15:15,1525.1,1527.8,1523.55,1524
1/14/2020 9:15,1527,1528,1521,1522.5
1/14/2020 9:30,1522.5,1523.6,1519.5,1521.5
1/14/2020 9:45,1521.5,1522.55,1517.3,1520.4
1/14/2020 10:00,1520.4,1521,1518.05,1521
1/14/2020 10:15,1521,1533.5,1520.55,1531.15
1/14/2020 10:30,1531.4,1534,1528.85,1531.4
1/14/2020 10:45,1531.4,1531.6,1524,1525
1/14/2020 11:00,1524.35,1528.2,1524.35,1525
1/14/2020 11:15,1525,1525,1521.8,1523.05
1/14/2020 11:30,1523.05,1525,1523.05,1524.35
1/14/2020 11:45,1524.2,1525.3,1522,1524
1/14/2020 12:00,1524,1528.9,1523.35,1527.15
1/14/2020 12:15,1527.15,1530.95,1527.15,1528.35
1/14/2020 12:30,1528.35,1528.45,1525.25,1526.15
1/14/2020 12:45,1525.6,1525.9,1522.85,1522.85
1/14/2020 13:00,1522.85,1522.9,1518.1,1518.5
1/14/2020 13:15,1518.5,1520,1518.1,1519.9
1/14/2020 13:30,1519.9,1520,1518.05,1519.9
1/14/2020 13:45,1519.9,1520,1515.15,1518.2
1/14/2020 14:00,1518.2,1518.65,1512.2,1515
1/14/2020 14:15,1514.4,1517.4,1513.35,1517.4
1/14/2020 14:30,1517.35,1518.45,1513.55,1516.5
1/14/2020 14:45,1516.5,1517.6,1513.65,1515
1/14/2020 15:00,1515,1515.9,1513.05,1513.6
1/14/2020 15:15,1513.6,1517,1511.75,1517
1/15/2020 9:15,1511.9,1512.3,1501,1505.35
1/15/2020 9:30,1505.35,1507.8,1500.4,1501.6
1/15/2020 9:45,1501.6,1503.55,1498.8,1501.5
1/15/2020 10:00,1501.5,1502.1,1499.85,1500.35
1/15/2020 10:15,1500.35,1501.95,1500,1500.1
1/15/2020 10:30,1500.1,1501,1496.5,1499.65
1/15/2020 10:45,1499.65,1502,1498.7,1499.65
1/15/2020 11:00,1499.65,1501.55,1498.5,1499.4
1/15/2020 11:15,1499.4,1500.4,1497.45,1497.8
1/15/2020 11:30,1497.8,1500,1495.5,1500
1/15/2020 11:45,1499.65,1500.95,1494.6,1496.8
1/15/2020 12:00,1496.8,1496.8,1491.15,1493.35
1/15/2020 12:15,1493.35,1495.45,1491.05,1491.15
1/15/2020 12:30,1491.15,1492,1488,1488.3
1/15/2020 12:45,1488.35,1493.15,1488.2,1492.3
1/15/2020 13:00,1492.35,1496.7,1492.25,1495.65
1/15/2020 13:15,1495.65,1497.5,1495.65,1497
1/15/2020 13:30,1496.6,1497.8,1492.4,1493.55
1/15/2020 13:45,1493.55,1497.8,1492.95,1496.6
1/15/2020 14:00,1495.8,1502.25,1490.85,1492.3
1/15/2020 14:15,1492.45,1516.8,1492,1513.1
1/15/2020 14:30,1513.1,1515.75,1508.1,1508.2
1/15/2020 14:45,1508.2,1513,1508.2,1511
1/15/2020 15:00,1510.6,1514.6,1510.25,1512.6
1/15/2020 15:15,1512.3,1532.15,1510.6,1532.15
1/16/2020 9:15,1525.2,1529.65,1520,1523.3
1/16/2020 9:30,1523.3,1528,1521.4,1521.45
1/16/2020 9:45,1521.45,1522.7,1513.05,1513.05
1/16/2020 10:00,1513.7,1523,1512.75,1516
1/16/2020 10:15,1516,1517,1507.5,1508.05
1/16/2020 10:30,1508.05,1513.2,1506.25,1507.5
1/16/2020 10:45,1507.5,1509.5,1507,1507.35
1/16/2020 11:00,1507.35,1507.95,1504.4,1505.2
1/16/2020 11:15,1505.2,1511.9,1505.2,1507.15
1/16/2020 11:30,1507.15,1514.1,1507,1514.1
1/16/2020 11:45,1514.1,1516.45,1498.35,1504.5
1/16/2020 12:00,1504.85,1504.95,1494,1496.05
1/16/2020 12:15,1496.05,1501.8,1495,1501.3
1/16/2020 12:30,1501.3,1505.85,1500.75,1505
1/16/2020 12:45,1504.5,1505,1501.75,1504.65
1/16/2020 13:00,1504.65,1507.35,1504.55,1507.25
1/16/2020 13:15,1507.25,1509.3,1506.15,1507.8
1/16/2020 13:30,1507.8,1508.1,1505.45,1506.2
1/16/2020 13:45,1506.2,1508.85,1506.2,1507.6
1/16/2020 14:00,1507.6,1508,1505.5,1505.7
1/16/2020 14:15,1505.7,1506.45,1503,1503.25
1/16/2020 14:30,1503,1507,1503,1503.45
1/16/2020 14:45,1503.45,1506.5,1502.05,1505
1/16/2020 15:00,1505,1508,1503.15,1506.25
1/16/2020 15:15,1506.25,1506.6,1500.4,1504.8
1/17/2020 9:15,1504.5,1514.8,1494.3,1510.4
1/17/2020 9:30,1510.4,1514,1507.15,1510
1/17/2020 9:45,1510,1513.7,1508,1513.7
1/17/2020 10:00,1513.7,1517.2,1511.1,1513.65
1/17/2020 10:15,1513.65,1514,1510.6,1510.8
1/17/2020 10:30,1510.8,1518.95,1510.8,1518.1
1/17/2020 10:45,1518.1,1522.6,1518,1521.45
1/17/2020 11:00,1521.95,1521.95,1518,1519
1/17/2020 11:15,1519,1519.8,1517.5,1517.95
1/17/2020 11:30,1517.95,1518,1512.9,1514.9
1/17/2020 11:45,1514.9,1515.65,1511,1514.8
1/17/2020 12:00,1514.8,1516.7,1513.1,1516.25
1/17/2020 12:15,1516.7,1518,1513.95,1516.65
1/17/2020 12:30,1516.65,1516.9,1514.05,1515.55
1/17/2020 12:45,1515.55,1515.65,1513.1,1514.05
1/17/2020 13:00,1514.05,1516.45,1514,1514.5
1/17/2020 13:15,1514.5,1515.35,1511,1511.85
1/17/2020 13:30,1511.85,1512.8,1510,1512.35
1/17/2020 13:45,1512.3,1514.8,1511.4,1513.85
1/17/2020 14:00,1514.45,1514.5,1513.1,1514.05
1/17/2020 14:15,1514.05,1515,1510.15,1512.3
1/17/2020 14:30,1512.95,1517,1512,1516.05
1/17/2020 14:45,1516.05,1517,1512.5,1515.35
1/17/2020 15:00,1515.4,1515.5,1510.7,1512.2
1/17/2020 15:15,1512.15,1514.45,1508.15,1509
1/20/2020 9:15,1517.8,1517.8,1507.35,1512.7
1/20/2020 9:30,1512.7,1517.3,1510.75,1513.95
1/20/2020 9:45,1513.95,1515.05,1505.6,1508
1/20/2020 10:00,1508,1508.9,1503.3,1506.8
1/20/2020 10:15,1506.8,1508,1503.9,1506.25
1/20/2020 10:30,1506.25,1506.8,1500.5,1502
1/20/2020 10:45,1502,1507.85,1501,1505.95
1/20/2020 11:00,1505.95,1508,1504.1,1505.15
1/20/2020 11:15,1505.15,1508.7,1505.15,1506.85
1/20/2020 11:30,1506.85,1508.65,1506.65,1506.95
1/20/2020 11:45,1506.95,1508,1505.55,1507.95
1/20/2020 12:00,1507.95,1507.95,1504.55,1504.6
1/20/2020 12:15,1504.6,1505.25,1501.8,1503.15
1/20/2020 12:30,1503.15,1504.75,1502,1502.4
1/20/2020 12:45,1502.2,1504.9,1500.65,1501
1/20/2020 13:00,1501,1501.7,1497.1,1498.25
1/20/2020 13:15,1498.25,1503.25,1498.25,1501.25
1/20/2020 13:30,1501.25,1502.75,1498.5,1499.6
1/20/2020 13:45,1499.6,1500.85,1499,1500
1/20/2020 14:00,1500,1503.95,1499.6,1500.55
1/20/2020 14:15,1500.55,1502.6,1496.85,1497.5
1/20/2020 14:30,1498.3,1503,1498.15,1501.5
1/20/2020 14:45,1501.5,1501.95,1499,1499.65
1/20/2020 15:00,1500.5,1502.4,1496.5,1498.1
1/20/2020 15:15,1498.1,1499.6,1495.2,1497.55
1/21/2020 9:15,1494.95,1499.8,1487,1499.5
1/21/2020 9:30,1498.3,1503.25,1496.4,1498.7
1/21/2020 9:45,1498.75,1507.1,1498.05,1504.8
1/21/2020 10:00,1504.8,1509.4,1503.5,1505.6
1/21/2020 10:15,1505.6,1505.8,1503.1,1504
1/21/2020 10:30,1504,1504.1,1500.05,1500.2
1/21/2020 10:45,1500.2,1500.2,1493.6,1494.05
1/21/2020 11:00,1494.05,1499.65,1493.5,1499.65
1/21/2020 11:15,1499.65,1499.8,1496,1496.45
1/21/2020 11:30,1496.45,1501.4,1495.55,1500.1
1/21/2020 11:45,1500.1,1503,1499,1502.4
1/21/2020 12:00,1502.4,1504.45,1501.95,1502.05
1/21/2020 12:15,1502.05,1503.5,1498.4,1501.75
1/21/2020 12:30,1501.75,1502.25,1499,1499.6
1/21/2020 12:45,1499.6,1502.45,1498.6,1502.45
1/21/2020 13:00,1502.45,1502.75,1500,1500
1/21/2020 13:15,1500,1500,1497,1497
1/21/2020 13:30,1497,1497.1,1494.5,1494.9
1/21/2020 13:45,1494.9,1497.5,1494.5,1497.45
1/21/2020 14:00,1497.45,1497.45,1492.25,1495
1/21/2020 14:15,1495,1497.3,1493,1494.15
1/21/2020 14:30,1494.15,1501.65,1494.15,1500.5
1/21/2020 14:45,1500.5,1507.6,1499.5,1501.4
1/21/2020 15:00,1501.4,1502.95,1491.6,1494.9
1/21/2020 15:15,1494.9,1500,1493.4,1500
1/22/2020 9:15,1507.95,1518,1502.1,1515.7
1/22/2020 9:30,1515.7,1516.4,1512.35,1514.5
1/22/2020 9:45,1513.8,1521.75,1513.5,1519.8
1/22/2020 10:00,1519.8,1519.9,1515.65,1516.1
1/22/2020 10:15,1516.1,1521.25,1515,1516.9
1/22/2020 10:30,1517,1524.65,1514,1521.95
1/22/2020 10:45,1522,1532,1521.2,1527.55
1/22/2020 11:00,1527.55,1530,1526,1527
1/22/2020 11:15,1527,1531,1526,1531
1/22/2020 11:30,1530.85,1531,1526.55,1528.6
1/22/2020 11:45,1528.6,1537,1527.5,1535.8
1/22/2020 12:00,1536.1,1536.35,1531.1,1532.25
1/22/2020 12:15,1532.25,1533,1530,1531.55
1/22/2020 12:30,1531.55,1531.55,1527.55,1528.25
1/22/2020 12:45,1528.4,1529.55,1523,1528.15
1/22/2020 13:00,1528.15,1531.35,1524,1527.15
1/22/2020 13:15,1527.15,1532.8,1525.2,1532.8
1/22/2020 13:30,1532,1533.9,1531.3,1533.5
1/22/2020 13:45,1533.4,1535.55,1532.6,1535
1/22/2020 14:00,1535,1535.6,1527.3,1527.3
1/22/2020 14:15,1527.95,1528,1517.45,1518.75
1/22/2020 14:30,1518.75,1520,1517.4,1520
1/22/2020 14:45,1520,1537,1519.95,1531.7
1/22/2020 15:00,1531.7,1532.5,1523.65,1524.5
1/22/2020 15:15,1524.8,1525.9,1517.35,1525
1/23/2020 9:15,1526.25,1535.9,1525,1533
1/23/2020 9:30,1532.95,1544,1531.85,1541.85
1/23/2020 9:45,1541.85,1544.9,1536.75,1537.6
1/23/2020 10:00,1537.15,1543,1537.15,1542
1/23/2020 10:15,1541.35,1547.5,1541.25,1544.2
1/23/2020 10:30,1544.2,1544.45,1539,1542
1/23/2020 10:45,1542,1542,1541.1,1541.9
1/23/2020 11:00,1542,1544.9,1541,1543.85
1/23/2020 11:15,1543.85,1543.85,1540.8,1541.95
1/23/2020 11:30,1541.95,1543.4,1541.5,1541.55
1/23/2020 11:45,1541.55,1542,1536.9,1538.65
1/23/2020 12:00,1538.7,1541.45,1538.1,1538.9
1/23/2020 12:15,1538.2,1541.25,1536.2,1537.8
1/23/2020 12:30,1537.3,1541.45,1537.3,1539.35
1/23/2020 12:45,1539.35,1541.9,1536.6,1541.85
1/23/2020 13:00,1541.9,1542.85,1540.55,1541.4
1/23/2020 13:15,1541.4,1542.35,1539.85,1540.7
1/23/2020 13:30,1540.7,1544.5,1540,1542.2
1/23/2020 13:45,1542,1543,1540,1540.25
1/23/2020 14:00,1540.25,1546.75,1540.25,1543.55
1/23/2020 14:15,1543.6,1554.65,1542.5,1554
1/23/2020 14:30,1553.45,1554.9,1550.25,1551.25
1/23/2020 14:45,1551.25,1552.5,1548.65,1550.3
1/23/2020 15:00,1550.3,1552.45,1546,1546.3
1/23/2020 15:15,1546,1552.1,1545,1550
1/24/2020 9:15,1551.75,1558.1,1542.8,1554.45
1/24/2020 9:30,1555.5,1563,1554.45,1560.55
1/24/2020 9:45,1560.55,1560.55,1548.1,1558.15
1/24/2020 10:00,1558.8,1561.9,1555,1561.2
1/24/2020 10:15,1561.25,1561.9,1555.5,1556.45
1/24/2020 10:30,1556.45,1556.5,1551.05,1555.1
1/24/2020 10:45,1555.1,1556,1554.45,1555
1/24/2020 11:00,1555,1556.2,1555,1555.3
1/24/2020 11:15,1555.3,1555.6,1548.15,1548.5
1/24/2020 11:30,1548.5,1554.3,1548.5,1552.55
1/24/2020 11:45,1552.55,1553,1549.8,1550.95
1/24/2020 12:00,1550.95,1554.8,1550.5,1554.8
1/24/2020 12:15,1554.8,1558,1553.95,1556.05
1/24/2020 12:30,1557,1559.9,1556.05,1558
1/24/2020 12:45,1558,1558.9,1556.05,1556.6
1/24/2020 13:00,1556.6,1557.45,1553.2,1554.4
1/24/2020 13:15,1554.4,1558.15,1554.05,1556.3
1/24/2020 13:30,1556.3,1558.4,1555,1555
1/24/2020 13:45,1555,1556.95,1547,1550
1/24/2020 14:00,1550,1565,1545.5,1565
1/24/2020 14:15,1565.25,1568,1560.55,1561.35
1/24/2020 14:30,1561.35,1566.95,1556.2,1564.35
1/24/2020 14:45,1564.35,1570.7,1562.55,1569.9
1/24/2020 15:00,1569.8,1570.65,1561.7,1566
1/24/2020 15:15,1566,1567.85,1562.75,1563.1
1/27/2020 9:15,1555,1563.1,1550.05,1559.4
1/27/2020 9:30,1559.4,1579.55,1559,1575
1/27/2020 9:45,1575,1576.8,1568,1574.5
1/27/2020 10:00,1574.05,1577.95,1570.25,1573.7
1/27/2020 10:15,1573,1575.3,1569.6,1572.1
1/27/2020 10:30,1572.05,1572.5,1568.85,1569.1
1/27/2020 10:45,1569.1,1569.8,1565.5,1565.5
1/27/2020 11:00,1565.8,1574.5,1565.05,1574.5
1/27/2020 11:15,1573.9,1574.6,1567.05,1568.85
1/27/2020 11:30,1568.85,1570,1566,1568.75
1/27/2020 11:45,1568.75,1574.45,1568.6,1569.95
1/27/2020 12:00,1569.95,1570.6,1566.5,1568.4
1/27/2020 12:15,1568.4,1569.6,1566,1566
1/27/2020 12:30,1566,1566.95,1563.5,1563.55
1/27/2020 12:45,1563.5,1566.6,1563.5,1565.5
1/27/2020 13:00,1565.5,1566.05,1563.55,1563.55
1/27/2020 13:15,1563.55,1564.55,1560.25,1561.5
1/27/2020 13:30,1561.5,1563.45,1560,1561
1/27/2020 13:45,1561,1564.25,1560.1,1561.75
1/27/2020 14:00,1561.75,1562.95,1553,1555.25
1/27/2020 14:15,1555.25,1555.9,1551,1552
1/27/2020 14:30,1552,1554.6,1550.2,1551.7
1/27/2020 14:45,1551.7,1554.8,1549,1552
1/27/2020 15:00,1552,1552.85,1546.55,1551.85
1/27/2020 15:15,1551.85,1552.45,1544.2,1549.95
1/28/2020 9:15,1554.9,1554.9,1534.3,1545.75
1/28/2020 9:30,1545.5,1558,1545.4,1557
1/28/2020 9:45,1557,1567.9,1556.55,1566
1/28/2020 10:00,1566,1567,1563.05,1565.8
1/28/2020 10:15,1565.85,1574.4,1564.2,1572.7
1/28/2020 10:30,1572.7,1572.7,1564.2,1569.25
1/28/2020 10:45,1569.25,1573,1569,1572.4
1/28/2020 11:00,1572.4,1572.7,1568.3,1570.15
1/28/2020 11:15,1570.1,1573.9,1566.3,1572.8
1/28/2020 11:30,1572.8,1576.55,1572.8,1573.5
1/28/2020 11:45,1573.5,1573.5,1566.5,1568.6
1/28/2020 12:00,1568.6,1570.4,1566.45,1568.8
1/28/2020 12:15,1568.8,1572.9,1568.25,1572
1/28/2020 12:30,1572,1572,1568.1,1570.4
1/28/2020 12:45,1570,1571.9,1569.6,1571
1/28/2020 13:00,1571,1572.95,1570.15,1572.65
1/28/2020 13:15,1572.65,1572.65,1568.65,1568.65
1/28/2020 13:30,1569.4,1570.6,1566.6,1567
1/28/2020 13:45,1567,1567.8,1563,1563.5
1/28/2020 14:00,1563.5,1565,1560,1562
1/28/2020 14:15,1560.05,1563,1560,1560.8
1/28/2020 14:30,1560.8,1561.65,1555.7,1558.85
1/28/2020 14:45,1558.85,1560,1551.1,1559.4
1/28/2020 15:00,1559.4,1565,1559.1,1562.7
1/28/2020 15:15,1561.55,1563.5,1559.25,1559.95
1/29/2020 9:15,1564.25,1574,1564.25,1566.9
1/29/2020 9:30,1566.9,1572,1565.1,1568.8
1/29/2020 9:45,1568.8,1571,1568,1568
1/29/2020 10:00,1568,1568.1,1560.1,1560.95
1/29/2020 10:15,1560.95,1562,1555.5,1559.2
1/29/2020 10:30,1559.2,1566.4,1558.55,1564.5
1/29/2020 10:45,1564.5,1566.45,1563,1566.35
1/29/2020 11:00,1566.35,1568.85,1566,1566.9
1/29/2020 11:15,1566.2,1567.7,1564.25,1567.3
1/29/2020 11:30,1567.3,1567.95,1565.8,1567.95
1/29/2020 11:45,1567.95,1568.05,1565.9,1566.2
1/29/2020 12:00,1566.2,1566.9,1563.05,1563.4
1/29/2020 12:15,1563.4,1565.35,1563.15,1564.5
1/29/2020 12:30,1564.5,1568.9,1562.6,1568.5
1/29/2020 12:45,1568.5,1571.9,1567.05,1569.45
1/29/2020 13:00,1569.45,1570.35,1564.2,1566.55
1/29/2020 13:15,1566.55,1570.05,1565.4,1567.5
1/29/2020 13:30,1567.5,1568,1560.3,1563.2
1/29/2020 13:45,1563.2,1569.7,1563.2,1566.4
1/29/2020 14:00,1565.9,1569.4,1565.15,1566.6
1/29/2020 14:15,1566.6,1568.6,1564.45,1565.4
1/29/2020 14:30,1565.4,1567.4,1561.5,1562.6
1/29/2020 14:45,1562.6,1564.9,1558.6,1561
1/29/2020 15:00,1561,1561,1551.1,1552
1/29/2020 15:15,1552,1553.55,1545.2,1546.5
1/30/2020 9:15,1552.75,1556.35,1540.35,1543.9
1/30/2020 9:30,1543.9,1545.85,1542,1542.8
1/30/2020 9:45,1542.8,1546.05,1541,1541.7
1/30/2020 10:00,1541.7,1543.2,1536.55,1537.5
1/30/2020 10:15,1537.5,1539.85,1537,1538.35
1/30/2020 10:30,1538.35,1538.35,1535.1,1538
1/30/2020 10:45,1538,1544,1537.5,1542.25
1/30/2020 11:00,1542.25,1542.8,1537,1538.5
1/30/2020 11:15,1538.5,1541.9,1538.5,1541.7
1/30/2020 11:30,1541.7,1543.75,1541.2,1541.95
1/30/2020 11:45,1541.95,1543.3,1539.7,1539.9
1/30/2020 12:00,1539.9,1540.5,1537.55,1538.65
1/30/2020 12:15,1538.65,1538.95,1535.6,1537.5
1/30/2020 12:30,1537.5,1538.55,1534,1536.5
1/30/2020 12:45,1537.1,1537.55,1535.15,1536.5
1/30/2020 13:00,1536.5,1540,1536,1539.95
1/30/2020 13:15,1539.95,1540.5,1539,1540
1/30/2020 13:30,1540,1540,1536,1537
1/30/2020 13:45,1537,1537.95,1530.8,1531.55
1/30/2020 14:00,1531.55,1533,1530,1530.4
1/30/2020 14:15,1530.4,1535.5,1529.1,1534.55
1/30/2020 14:30,1534.55,1535.25,1529.05,1531.35
1/30/2020 14:45,1531.35,1534,1528,1529.15
1/30/2020 15:00,1529.35,1537,1529.15,1532.2
1/30/2020 15:15,1532.25,1537,1525.35,1535.1
1/31/2020 9:15,1536,1552,1536,1546.9
1/31/2020 9:30,1548.1,1548.6,1537.15,1540.35
1/31/2020 9:45,1540.35,1545,1537,1539.5
1/31/2020 10:00,1539.5,1544.95,1538.85,1541.2
1/31/2020 10:15,1542.7,1542.7,1530.5,1531.1
1/31/2020 10:30,1531.1,1536.15,1531.05,1532.2
1/31/2020 10:45,1532.2,1534.6,1523.6,1524.7
1/31/2020 11:00,1525.1,1525.1,1517.5,1518
1/31/2020 11:15,1518.95,1521.9,1517.2,1519
1/31/2020 11:30,1519,1520,1509.75,1510.6
1/31/2020 11:45,1510.8,1517.6,1508.9,1515
1/31/2020 12:00,1515,1519.95,1514,1517.55
1/31/2020 12:15,1518,1521.45,1516.75,1517.55
1/31/2020 12:30,1517.55,1527,1515.6,1523.9
1/31/2020 12:45,1523.9,1525.65,1520.95,1520.95
1/31/2020 13:00,1520.95,1522.1,1518.05,1519.05
1/31/2020 13:15,1519.05,1520.2,1517.3,1519
1/31/2020 13:30,1519,1528.35,1519,1524.7
1/31/2020 13:45,1524.7,1526.55,1520.1,1522.5
1/31/2020 14:00,1522.5,1523.8,1518.5,1519.45
1/31/2020 14:15,1519,1520.8,1515,1520.8
1/31/2020 14:30,1520.8,1520.9,1516,1518.1
1/31/2020 14:45,1518.1,1518.1,1507.5,1514.05
1/31/2020 15:00,1514.05,1514.05,1500,1509
1/31/2020 15:15,1509.1,1510,1500,1506
2/1/2020 9:15,1506.4,1516.7,1501,1515.6
2/1/2020 9:30,1515.6,1521.55,1515,1517.2
2/1/2020 9:45,1517.2,1519.9,1509.15,1519.5
2/1/2020 10:00,1519.5,1523,1517,1521
2/1/2020 10:15,1521,1523.9,1516.6,1521.4
2/1/2020 10:30,1521.4,1523.75,1520,1523.55
2/1/2020 10:45,1523.55,1528,1522.25,1524.55
2/1/2020 11:00,1525,1526.9,1522.1,1526.4
2/1/2020 11:15,1526.4,1526.9,1513.25,1513.6
2/1/2020 11:30,1513.6,1517.6,1512,1517
2/1/2020 11:45,1517,1522,1513,1518.2
2/1/2020 12:00,1518.2,1520.3,1504.35,1506.6
2/1/2020 12:15,1506.7,1513.45,1506,1508
2/1/2020 12:30,1508,1512.3,1508,1509.9
2/1/2020 12:45,1509.9,1510.65,1495.6,1497.1
2/1/2020 13:00,1497.1,1505,1493.2,1501.45
2/1/2020 13:15,1501.45,1503.4,1469,1469
2/1/2020 13:30,1469.15,1471.05,1447.65,1450
2/1/2020 13:45,1450,1450,1432.1,1442.2
2/1/2020 14:00,1443,1470.75,1443,1455
2/1/2020 14:15,1455,1457.8,1447.4,1454.4
2/1/2020 14:30,1455.25,1458.55,1444.45,1444.7
2/1/2020 14:45,1445.5,1449.2,1438.8,1439.25
2/1/2020 15:00,1440.6,1440.6,1425.05,1425.4
2/1/2020 15:15,1425.95,1429.6,1417.75,1427.2
2/3/2020 9:15,1434,1454.6,1431.65,1448.9
2/3/2020 9:30,1448.95,1451.25,1437.15,1444.45
2/3/2020 9:45,1443.55,1445.45,1431.15,1439.9
2/3/2020 10:00,1439.9,1454.25,1438.1,1453.15
2/3/2020 10:15,1453.15,1458,1450.15,1458
2/3/2020 10:30,1458.1,1468.25,1458.1,1462.6
2/3/2020 10:45,1462.6,1464.6,1461.4,1462.4
2/3/2020 11:00,1462.4,1466.1,1461,1464.5
2/3/2020 11:15,1464.5,1464.5,1453.1,1453.35
2/3/2020 11:30,1453.7,1454,1447.45,1449.8
2/3/2020 11:45,1449.8,1452.5,1443,1450
2/3/2020 12:00,1450,1452.8,1447.1,1450
2/3/2020 12:15,1450,1451.6,1449.5,1450.45
2/3/2020 12:30,1450.45,1455,1449.85,1450.5
2/3/2020 12:45,1450.5,1458.25,1449.2,1452.7
2/3/2020 13:00,1452.7,1456,1448.8,1449.7
2/3/2020 13:15,1449.7,1451.5,1445,1446.9
2/3/2020 13:30,1446.9,1446.9,1442.8,1443.45
2/3/2020 13:45,1443.45,1447.7,1442.2,1446.05
2/3/2020 14:00,1446.05,1447.65,1444.85,1445
2/3/2020 14:15,1445,1451.9,1442.05,1450.35
2/3/2020 14:30,1450.4,1451,1445.8,1450.1
2/3/2020 14:45,1450.1,1453.95,1450,1453.9
2/3/2020 15:00,1453.9,1458.05,1449.6,1455
2/3/2020 15:15,1455,1461.75,1454.65,1456.55
2/4/2020 9:15,1463.8,1484,1463,1484
2/4/2020 9:30,1483.15,1484,1475.55,1478.75
2/4/2020 9:45,1478.75,1485.7,1474.35,1485.5
2/4/2020 10:00,1484.15,1501.6,1484.1,1491.7
2/4/2020 10:15,1491.2,1493.4,1483.55,1485.65
2/4/2020 10:30,1485.65,1490,1485.3,1487.3
2/4/2020 10:45,1487.3,1504.15,1487.3,1500
2/4/2020 11:00,1500,1502,1497.05,1497.75
2/4/2020 11:15,1497.75,1506,1497.45,1497.7
2/4/2020 11:30,1497.7,1501.2,1494.25,1497.2
2/4/2020 11:45,1497.2,1500.95,1493,1493
2/4/2020 12:00,1493,1495.7,1484.65,1492.75
2/4/2020 12:15,1492.95,1493,1487.3,1488
2/4/2020 12:30,1488,1490.4,1482,1484
2/4/2020 12:45,1484,1486.6,1480.6,1484.3
2/4/2020 13:00,1484.3,1486.5,1483.3,1485.85
2/4/2020 13:15,1485.85,1486.8,1482.6,1484.75
2/4/2020 13:30,1484.75,1489.45,1484.45,1486.6
2/4/2020 13:45,1486.6,1489.1,1485.15,1485.15
2/4/2020 14:00,1485.15,1486.1,1482.95,1483
2/4/2020 14:15,1483,1483,1478.1,1478.5
2/4/2020 14:30,1478.5,1482.45,1476.7,1481.5
2/4/2020 14:45,1481.15,1488.6,1481.15,1484.4
2/4/2020 15:00,1484.4,1486.2,1479,1486
2/4/2020 15:15,1486,1499,1483.4,1488.15
2/5/2020 9:15,1496.5,1496.5,1481.05,1484.5
2/5/2020 9:30,1484.55,1485.95,1479.4,1479.8
2/5/2020 9:45,1479.8,1481.35,1476.1,1480
2/5/2020 10:00,1480,1489.9,1479.2,1486
2/5/2020 10:15,1486,1487.5,1482.1,1485.05
2/5/2020 10:30,1485.05,1489,1484,1488.25
2/5/2020 10:45,1488.25,1489,1480,1481.6
2/5/2020 11:00,1481.6,1482,1479.6,1480
2/5/2020 11:15,1480,1480.9,1477.2,1478.55
2/5/2020 11:30,1478.55,1478.55,1472.45,1473.3
2/5/2020 11:45,1473.3,1474.4,1470.6,1473
2/5/2020 12:00,1472.3,1473.35,1466.1,1469.45
2/5/2020 12:15,1469.45,1472.05,1468.1,1469.8
2/5/2020 12:30,1469.75,1471.4,1468,1468.3
2/5/2020 12:45,1468.3,1469.45,1463.4,1469
2/5/2020 13:00,1469,1469,1465.75,1467.4
2/5/2020 13:15,1467.4,1468.2,1465.1,1466.2
2/5/2020 13:30,1466.2,1471.35,1465.85,1470
2/5/2020 13:45,1470,1470.55,1468.5,1470
2/5/2020 14:00,1469.7,1471.65,1468.85,1470.25
2/5/2020 14:15,1470.25,1470.5,1469,1469.5
2/5/2020 14:30,1469.5,1470.5,1469,1469.6
2/5/2020 14:45,1469.6,1470.5,1469.05,1469.65
2/5/2020 15:00,1469.65,1470.15,1468.55,1470
2/5/2020 15:15,1469.5,1470.4,1468.05,1470
2/6/2020 9:15,1477.1,1485.15,1471.1,1472.95
2/6/2020 9:30,1473,1478.8,1472.15,1475
2/6/2020 9:45,1475,1476.5,1471.5,1474.1
2/6/2020 10:00,1474.5,1474.9,1463,1463.25
2/6/2020 10:15,1463,1468.95,1461.25,1465.9
2/6/2020 10:30,1465.9,1478.9,1465.9,1472.15
2/6/2020 10:45,1472.15,1472.55,1464,1464.35
2/6/2020 11:00,1465,1467.9,1462.5,1463.2
2/6/2020 11:15,1463.2,1465.45,1460.2,1463.45
2/6/2020 11:30,1463.45,1466.5,1462.7,1465.5
2/6/2020 11:45,1465,1474.55,1465,1470.8
2/6/2020 12:00,1470.8,1471.8,1467,1470
2/6/2020 12:15,1470,1477.2,1468.5,1477
2/6/2020 12:30,1477.35,1478.75,1474.05,1475
2/6/2020 12:45,1475,1475.75,1470.15,1472.85
2/6/2020 13:00,1472.85,1474.9,1468.1,1468.8
2/6/2020 13:15,1468.65,1472.5,1468.25,1468.9
2/6/2020 13:30,1468.9,1475.1,1468.05,1472.2
2/6/2020 13:45,1472.2,1473.5,1470.55,1472.45
2/6/2020 14:00,1472.45,1473.3,1470,1471
2/6/2020 14:15,1471,1482.95,1470.15,1480.1
2/6/2020 14:30,1480.3,1485.3,1480,1481.65
2/6/2020 14:45,1481.65,1493,1481.3,1487.2
2/6/2020 15:00,1487.2,1493.7,1487,1488.25
2/6/2020 15:15,1488.25,1492,1486.05,1490.65
2/7/2020 9:15,1491,1499,1489.7,1494
2/7/2020 9:30,1494,1509,1492,1505.05
2/7/2020 9:45,1505.65,1508,1501,1504.8
2/7/2020 10:00,1504.1,1504.8,1492.75,1501
2/7/2020 10:15,1501,1504.2,1497,1501.65
2/7/2020 10:30,1502,1504.75,1497.6,1500.9
2/7/2020 10:45,1500.9,1501,1496,1497.2
2/7/2020 11:00,1497.2,1499.4,1493.2,1498.25
2/7/2020 11:15,1498.25,1498.5,1495.3,1498.5
2/7/2020 11:30,1498.5,1501.7,1498,1500.1
2/7/2020 11:45,1499,1503.5,1499,1503
2/7/2020 12:00,1503,1503,1498.25,1499
2/7/2020 12:15,1499,1501.9,1498.3,1501.05
2/7/2020 12:30,1501.05,1506.5,1500.15,1505.55
2/7/2020 12:45,1505.55,1508,1502,1503.45
2/7/2020 13:00,1503.45,1504.9,1502.3,1502.85
2/7/2020 13:15,1502.85,1506,1501.55,1505.65
2/7/2020 13:30,1505.65,1505.65,1493.6,1501
2/7/2020 13:45,1500.7,1503.6,1499.55,1499.55
2/7/2020 14:00,1499.55,1506.2,1499.1,1504.95
2/7/2020 14:15,1506,1506.5,1503.15,1504.5
2/7/2020 14:30,1504.5,1507,1502.65,1505
2/7/2020 14:45,1505,1513.5,1504.05,1508.95
2/7/2020 15:00,1509,1509,1501,1502.1
2/7/2020 15:15,1502.05,1510.85,1497.7,1505
2/10/2020 9:15,1498,1498,1462,1467.7
2/10/2020 9:30,1467.7,1474.75,1464.5,1468.45
2/10/2020 9:45,1468.45,1471.5,1456.05,1459.9
2/10/2020 10:00,1459.55,1466,1456.85,1464.5
2/10/2020 10:15,1464.05,1465.05,1457.7,1462.6
2/10/2020 10:30,1462.6,1464.65,1458,1464.15
2/10/2020 10:45,1464.15,1464.15,1456.6,1457
2/10/2020 11:00,1457,1468,1453.35,1465.3
2/10/2020 11:15,1465.25,1473.8,1463.6,1471.85
2/10/2020 11:30,1471.85,1476.95,1471.55,1473
2/10/2020 11:45,1473.05,1476,1469,1469.1
2/10/2020 12:00,1469,1472.75,1469,1469.3
2/10/2020 12:15,1469.2,1472.45,1465.5,1465.85
2/10/2020 12:30,1466.15,1468.95,1465.95,1467.7
2/10/2020 12:45,1467.7,1472.35,1467.1,1470.75
2/10/2020 13:00,1470.75,1471.15,1466.5,1468.1
2/10/2020 13:15,1468.55,1469.9,1460.6,1464.65
2/10/2020 13:30,1464.8,1465.4,1459.6,1461
2/10/2020 13:45,1461.25,1461.25,1455,1459.05
2/10/2020 14:00,1459.05,1464.6,1453,1455
2/10/2020 14:15,1454.95,1457.95,1452,1453.15
2/10/2020 14:30,1453.15,1456.9,1452,1456
2/10/2020 14:45,1456,1457.1,1454,1455
2/10/2020 15:00,1455,1456.3,1448.35,1452
2/10/2020 15:15,1451.15,1454,1446.15,1449.05
2/11/2020 9:15,1461,1471,1457.35,1463.1
2/11/2020 9:30,1463.5,1466.15,1452.1,1452.25
2/11/2020 9:45,1452.65,1456.7,1450.15,1454.85
2/11/2020 10:00,1455.3,1455.3,1450,1454
2/11/2020 10:15,1453.95,1454,1448.25,1451.95
2/11/2020 10:30,1451.95,1453.7,1450.45,1452.4
2/11/2020 10:45,1452.4,1454,1451.05,1452.05
2/11/2020 11:00,1452.05,1452.85,1449,1452
2/11/2020 11:15,1451.95,1459.4,1451.15,1458.85
2/11/2020 11:30,1458.85,1459,1453.2,1453.6
2/11/2020 11:45,1454.25,1455.5,1452,1452.65
2/11/2020 12:00,1453.35,1453.35,1448.3,1449.2
2/11/2020 12:15,1449.6,1452.85,1448.5,1450
2/11/2020 12:30,1450,1450.65,1448.6,1449.45
2/11/2020 12:45,1449.45,1449.5,1443.1,1445.15
2/11/2020 13:00,1445.15,1445.75,1440.1,1441.15
2/11/2020 13:15,1441.15,1446.6,1441,1443.7
2/11/2020 13:30,1444.8,1445.1,1440.7,1442.9
2/11/2020 13:45,1442.9,1444.45,1441.65,1442.4
2/11/2020 14:00,1442.4,1446.75,1441.9,1444.1
2/11/2020 14:15,1444.25,1450.5,1443.6,1448.1
2/11/2020 14:30,1448.25,1448.5,1441.4,1442.8
2/11/2020 14:45,1443.3,1445.35,1440.35,1441.5
2/11/2020 15:00,1442,1442.9,1438.5,1442.3
2/11/2020 15:15,1442.3,1442.55,1436.65,1440
2/12/2020 9:15,1447,1452,1444.75,1448.45
2/12/2020 9:30,1448.45,1450.2,1445.5,1448.4
2/12/2020 9:45,1448.4,1450.3,1446.55,1447.3
2/12/2020 10:00,1447.3,1448.55,1443.35,1444.4
2/12/2020 10:15,1444.4,1444.6,1441.2,1444.3
2/12/2020 10:30,1444.3,1448.75,1443.5,1448.7
2/12/2020 10:45,1448.65,1448.8,1437.8,1437.8
2/12/2020 11:00,1437.7,1439,1433.45,1438
2/12/2020 11:15,1438,1446,1437.8,1445.2
2/12/2020 11:30,1445.2,1459.45,1445,1456.5
2/12/2020 11:45,1456.5,1460.8,1452.55,1454.05
2/12/2020 12:00,1454.05,1456,1452,1454.5
2/12/2020 12:15,1454.5,1454.5,1450,1452.95
2/12/2020 12:30,1452.95,1457.8,1450.3,1454
2/12/2020 12:45,1454,1456.6,1453.55,1455.95
2/12/2020 13:00,1455.95,1456.45,1453.4,1453.65
2/12/2020 13:15,1453.65,1454.45,1453.1,1454
2/12/2020 13:30,1454,1456.7,1452.05,1453.6
2/12/2020 13:45,1453.6,1455.95,1452.25,1455.25
2/12/2020 14:00,1455.25,1457.8,1454.35,1454.35
2/12/2020 14:15,1454.35,1454.45,1448.3,1450.9
2/12/2020 14:30,1450.9,1450.9,1447.1,1448
2/12/2020 14:45,1448,1449.9,1446.15,1447.8
2/12/2020 15:00,1447.8,1451.7,1447.8,1448.85
2/12/2020 15:15,1448.95,1451.2,1444.95,1448.05
2/13/2020 9:15,1451,1456,1445,1452.55
2/13/2020 9:30,1452.75,1454,1450,1452.1
2/13/2020 9:45,1452.1,1452.4,1443,1443.25
2/13/2020 10:00,1443.25,1454,1442,1452
2/13/2020 10:15,1452,1453.4,1447.4,1449.5
2/13/2020 10:30,1449.5,1453,1449.25,1450.6
2/13/2020 10:45,1450.6,1451.7,1449.5,1450.75
2/13/2020 11:00,1450.75,1452,1449.5,1452
2/13/2020 11:15,1452,1452,1446.25,1450.25
2/13/2020 11:30,1450.25,1450.35,1446.5,1449.45
2/13/2020 11:45,1449.45,1452.45,1447.8,1448.4
2/13/2020 12:00,1448.4,1449.45,1445.1,1448.05
2/13/2020 12:15,1448.05,1448.65,1445.3,1447.5
2/13/2020 12:30,1447.45,1450,1445.3,1448.35
2/13/2020 12:45,1448.35,1451.9,1448,1451.05
2/13/2020 13:00,1451.05,1454,1450,1453.9
2/13/2020 13:15,1453.9,1458,1450.9,1451.7
2/13/2020 13:30,1451.7,1453.15,1448.55,1449
2/13/2020 13:45,1448.9,1453.75,1448.55,1452.55
2/13/2020 14:00,1452.55,1454,1451,1453.45
2/13/2020 14:15,1453.45,1454,1452.1,1452.75
2/13/2020 14:30,1452.75,1455.85,1449,1449
2/13/2020 14:45,1448.7,1449,1439.6,1440.4
2/13/2020 15:00,1440.4,1443.15,1439.65,1441.1
2/13/2020 15:15,1441.25,1442,1437.15,1440.4
2/14/2020 9:15,1448.55,1452,1441,1448.75
2/14/2020 9:30,1448.75,1449.45,1443.75,1446.95
2/14/2020 9:45,1446.35,1448.9,1442.5,1443
2/14/2020 10:00,1443,1451.45,1441,1451.45
2/14/2020 10:15,1451.45,1455.2,1450.55,1452.7
2/14/2020 10:30,1452.15,1457,1450.3,1455.4
2/14/2020 10:45,1455,1455.4,1445.5,1450.2
2/14/2020 11:00,1450.2,1451.4,1443.05,1446.6
2/14/2020 11:15,1446.6,1449.4,1445,1447.75
2/14/2020 11:30,1447.75,1451,1445.4,1446.6
2/14/2020 11:45,1446.6,1446.6,1441,1443
2/14/2020 12:00,1443.35,1447.8,1443,1446
2/14/2020 12:15,1446,1449.6,1444.05,1449.5
2/14/2020 12:30,1449.5,1452.75,1447.25,1451
2/14/2020 12:45,1450.25,1452.1,1448.45,1450.9
2/14/2020 13:00,1450.9,1454,1449.3,1452.65
2/14/2020 13:15,1452.65,1458,1447.8,1449.7
2/14/2020 13:30,1449.7,1450.3,1444.8,1447.3
2/14/2020 13:45,1447.3,1448.5,1442.55,1443.3
2/14/2020 14:00,1443.3,1444.95,1441.5,1443.8
2/14/2020 14:15,1443.8,1446,1443,1443.35
2/14/2020 14:30,1443.35,1444.5,1430.05,1432.25
2/14/2020 14:45,1432.25,1438,1431.7,1437
2/14/2020 15:00,1437,1444,1434.6,1441.55
2/14/2020 15:15,1441.55,1444.05,1437.15,1440
2/17/2020 9:15,1445,1446.55,1425.8,1427
2/17/2020 9:30,1426.5,1434.35,1416.2,1431
2/17/2020 9:45,1431.7,1444,1431.1,1438.2
2/17/2020 10:00,1438.1,1438.9,1430.1,1433.5
2/17/2020 10:15,1433.5,1433.5,1423.9,1426
2/17/2020 10:30,1426,1429,1425,1427.65
2/17/2020 10:45,1427.65,1429,1426,1428.2
2/17/2020 11:00,1427.65,1430.85,1425.1,1427
2/17/2020 11:15,1427,1430.1,1427,1427.2
2/17/2020 11:30,1427.5,1428.2,1426.15,1427.4
2/17/2020 11:45,1427.55,1428.4,1426.95,1427.05
2/17/2020 12:00,1427.05,1428.3,1426,1427.5
2/17/2020 12:15,1427.6,1428.35,1426.2,1426.2
2/17/2020 12:30,1426.2,1427.4,1426.2,1426.2
2/17/2020 12:45,1426.2,1427,1426.2,1426.2
2/17/2020 13:00,1426.2,1426.5,1421.8,1424.4
2/17/2020 13:15,1424.4,1424.9,1420.1,1422.2
2/17/2020 13:30,1422.2,1424.45,1421.1,1422.5
2/17/2020 13:45,1422.5,1427,1422.15,1424.95
2/17/2020 14:00,1424.95,1425.4,1422,1422.85
2/17/2020 14:15,1422.85,1424.85,1421,1423.85
2/17/2020 14:30,1423.85,1425.45,1421.6,1424
2/17/2020 14:45,1424,1427,1424,1427
2/17/2020 15:00,1427,1427,1422.9,1423.8
2/17/2020 15:15,1423.8,1427.4,1420.25,1422
2/18/2020 9:15,1425,1428.95,1413.1,1416.1
2/18/2020 9:30,1416.1,1419.9,1413.1,1415.95
2/18/2020 9:45,1415.95,1427,1414,1417.3
2/18/2020 10:00,1417.3,1417.7,1410.25,1414
2/18/2020 10:15,1414,1414.35,1408.3,1410.95
2/18/2020 10:30,1410.95,1412.9,1406.9,1408.9
2/18/2020 10:45,1408.9,1412.95,1407.1,1411.15
2/18/2020 11:00,1411.15,1411.4,1405.6,1407
2/18/2020 11:15,1407,1411,1405,1406.3
2/18/2020 11:30,1406.55,1411.7,1405.55,1406.95
2/18/2020 11:45,1406.95,1407.8,1403,1404.8
2/18/2020 12:00,1404.8,1406,1402.6,1405
2/18/2020 12:15,1405,1405.5,1403.05,1404.6
2/18/2020 12:30,1404.6,1405.75,1403.3,1405
2/18/2020 12:45,1405,1416,1404.55,1415
2/18/2020 13:00,1415,1416,1409.95,1411.25
2/18/2020 13:15,1411.25,1411.25,1408.1,1409.4
2/18/2020 13:30,1409.4,1410.3,1405.3,1409.35
2/18/2020 13:45,1409,1411.9,1407.4,1411
2/18/2020 14:00,1411,1414.45,1410.35,1413.7
2/18/2020 14:15,1413.7,1416.9,1410.2,1416
2/18/2020 14:30,1416,1416.9,1411.15,1413
2/18/2020 14:45,1413,1419.7,1411,1418.7
2/18/2020 15:00,1418.7,1427,1418,1421.9
2/18/2020 15:15,1421.9,1424.9,1420,1421.1
2/19/2020 9:15,1430.05,1440,1430.05,1438.85
2/19/2020 9:30,1438.2,1443.5,1431.25,1435
2/19/2020 9:45,1435,1435.95,1427.5,1431.55
2/19/2020 10:00,1431.5,1432.5,1425.1,1430.05
2/19/2020 10:15,1430.05,1431,1422.6,1423.6
2/19/2020 10:30,1423.6,1428.5,1422.6,1424.3
2/19/2020 10:45,1424.3,1430,1423.2,1428.5
2/19/2020 11:00,1428.5,1429.4,1423.9,1424.45
2/19/2020 11:15,1424.45,1427.75,1424.45,1425.35
2/19/2020 11:30,1425.35,1428.9,1425,1428
2/19/2020 11:45,1428,1432,1426.55,1431.3
2/19/2020 12:00,1431.3,1431.3,1428,1429.6
2/19/2020 12:15,1430.15,1434,1429,1430.65
2/19/2020 12:30,1430.65,1435.45,1430.55,1434
2/19/2020 12:45,1434,1435,1430.1,1433
2/19/2020 13:00,1433,1433.5,1430.6,1432.3
2/19/2020 13:15,1432.3,1433,1429,1432.6
2/19/2020 13:30,1432.6,1433.45,1429.7,1430.55
2/19/2020 13:45,1430.55,1433,1429.05,1431.5
2/19/2020 14:00,1431.8,1434,1431,1433.75
2/19/2020 14:15,1433.9,1434,1432.5,1433.3
2/19/2020 14:30,1433.4,1436,1432.5,1433.9
2/19/2020 14:45,1433.9,1436.9,1432.75,1433.95
2/19/2020 15:00,1433.95,1436,1433.6,1435.85
2/19/2020 15:15,1435.85,1436.9,1428.55,1432.8
2/20/2020 9:15,1430,1440,1428,1439.6
2/20/2020 9:30,1439.6,1443.9,1434.1,1440.05
2/20/2020 9:45,1440.35,1441.5,1439,1440.4
2/20/2020 10:00,1439.7,1447,1439.65,1446.2
2/20/2020 10:15,1446.2,1451.4,1445.5,1449.65
2/20/2020 10:30,1450,1451.75,1440,1443.4
2/20/2020 10:45,1443.4,1449.75,1443.15,1444
2/20/2020 11:00,1444,1448,1443.65,1446.4
2/20/2020 11:15,1446.4,1447.95,1445.15,1446.9
2/20/2020 11:30,1446.9,1447,1443.5,1445.05
2/20/2020 11:45,1445.05,1448.75,1445.05,1447.2
2/20/2020 12:00,1447.2,1447.5,1442.15,1442.55
2/20/2020 12:15,1443,1445.5,1442.1,1443
2/20/2020 12:30,1443,1443.95,1436.75,1436.75
2/20/2020 12:45,1436.75,1440.15,1434.7,1438
2/20/2020 13:00,1438,1438,1430.55,1431.25
2/20/2020 13:15,1431.15,1433.3,1427.65,1429.4
2/20/2020 13:30,1429,1433.25,1428.9,1431
2/20/2020 13:45,1431.45,1432.7,1425.2,1426
2/20/2020 14:00,1426,1431,1423,1429.25
2/20/2020 14:15,1429.25,1432,1427.85,1431
2/20/2020 14:30,1431,1431.65,1422,1423.9
2/20/2020 14:45,1423.9,1427.55,1422.55,1423.55
2/20/2020 15:00,1423.55,1426.5,1420.25,1424.2
2/20/2020 15:15,1424.4,1426,1421.15,1423.45
2/24/2020 9:15,1419.9,1419.9,1401,1414.65
2/24/2020 9:30,1414.65,1424.6,1414.2,1418.7
2/24/2020 9:45,1419.05,1429.45,1416,1426.5
2/24/2020 10:00,1426.5,1428.15,1422.4,1425.55
2/24/2020 10:15,1425.9,1435,1424.85,1433.6
2/24/2020 10:30,1433.5,1433.5,1426.8,1432.6
2/24/2020 10:45,1432.65,1432.65,1430.55,1431.5
2/24/2020 11:00,1431.5,1434.65,1431.15,1431.6
2/24/2020 11:15,1431.6,1437.8,1429.05,1437.25
2/24/2020 11:30,1437.15,1438,1434.2,1436.25
2/24/2020 11:45,1436.25,1436.85,1434.15,1434.85
2/24/2020 12:00,1434.85,1436.1,1432.3,1435.65
2/24/2020 12:15,1435.65,1436.4,1433,1433
2/24/2020 12:30,1433,1434.85,1432.1,1433.45
2/24/2020 12:45,1433.45,1433.5,1430.05,1431.9
2/24/2020 13:00,1431.9,1432.45,1428,1431.4
2/24/2020 13:15,1431.4,1431.4,1426.05,1426.5
2/24/2020 13:30,1426.5,1428.65,1421,1424.35
2/24/2020 13:45,1424.35,1424.8,1421,1421.95
2/24/2020 14:00,1422,1423.95,1421.25,1422.8
2/24/2020 14:15,1422.8,1423.25,1415.05,1417.1
2/24/2020 14:30,1416.5,1418.45,1412,1413.45
2/24/2020 14:45,1413.45,1414.45,1405.6,1411.55
2/24/2020 15:00,1411.55,1411.55,1406.25,1407
2/24/2020 15:15,1406.45,1411,1403.65,1409
2/25/2020 9:15,1414,1416.9,1408,1413.5
2/25/2020 9:30,1413.5,1413.65,1398.75,1412
2/25/2020 9:45,1413.1,1413.1,1402.4,1410
2/25/2020 10:00,1410,1414.1,1408.05,1411.65
2/25/2020 10:15,1411.65,1415.8,1407.25,1408.95
2/25/2020 10:30,1408.95,1409.95,1401.05,1404.4
2/25/2020 10:45,1403.25,1406.9,1403.1,1404
2/25/2020 11:00,1404,1410,1404,1409.1
2/25/2020 11:15,1409.3,1409.3,1404.1,1406
2/25/2020 11:30,1406,1409.6,1404.9,1407.05
2/25/2020 11:45,1407.05,1410.55,1405.8,1406.45
2/25/2020 12:00,1406.5,1410,1406.5,1409
2/25/2020 12:15,1409,1409.25,1406,1406
2/25/2020 12:30,1406,1406.95,1395.2,1396.55
2/25/2020 12:45,1395.85,1401.45,1395,1397.95
2/25/2020 13:00,1397.05,1399.7,1396.35,1397.6
2/25/2020 13:15,1397.65,1399.5,1395.5,1398.3
2/25/2020 13:30,1398.3,1399.5,1395,1395.25
2/25/2020 13:45,1395.25,1403.95,1394,1400.05
2/25/2020 14:00,1400,1401.2,1397,1400.4
2/25/2020 14:15,1400.1,1402.7,1400,1400.15
2/25/2020 14:30,1400,1406.55,1400,1400
2/25/2020 14:45,1400,1402.5,1400,1400.55
2/25/2020 15:00,1400.1,1401.55,1398,1401
2/25/2020 15:15,1401.3,1405,1399,1399.05
2/26/2020 9:15,1399,1402.6,1387.6,1398.3
2/26/2020 9:30,1398.3,1409,1393.5,1394.95
2/26/2020 9:45,1394.95,1399,1394,1397.8
2/26/2020 10:00,1397.8,1408.5,1396.1,1405.65
2/26/2020 10:15,1406.3,1411.35,1405.2,1407.3
2/26/2020 10:30,1407.3,1413.45,1404.95,1412.5
2/26/2020 10:45,1412.5,1413.2,1406.6,1407.7
2/26/2020 11:00,1407.7,1407.8,1405,1406.3
2/26/2020 11:15,1406.3,1409.6,1400.6,1409.6
2/26/2020 11:30,1409.6,1416.75,1408.25,1409
2/26/2020 11:45,1409,1411,1407.8,1410.95
2/26/2020 12:00,1410.95,1412.1,1408.35,1412
2/26/2020 12:15,1412,1412,1410.05,1410.95
2/26/2020 12:30,1410.95,1412.3,1408.5,1410.4
2/26/2020 12:45,1410.4,1412,1408.7,1411
2/26/2020 13:00,1411,1412.05,1410.8,1411.8
2/26/2020 13:15,1411.8,1416.3,1411.5,1415.5
2/26/2020 13:30,1415.5,1418.7,1414.6,1416.3
2/26/2020 13:45,1416.3,1417,1412.9,1414
2/26/2020 14:00,1414,1414,1405,1406
2/26/2020 14:15,1406,1408.35,1400.3,1400.5
2/26/2020 14:30,1401.5,1401.65,1390.05,1397.1
2/26/2020 14:45,1397.1,1404.95,1397.1,1400.1
2/26/2020 15:00,1400.1,1402.95,1397.55,1401
2/26/2020 15:15,1401,1404,1395,1404
2/27/2020 9:15,1399.5,1407.95,1392,1394.6
2/27/2020 9:30,1394.6,1395,1385.7,1386.5
2/27/2020 9:45,1386.5,1392.4,1386.45,1387.05
2/27/2020 10:00,1387.05,1388,1373.6,1378
2/27/2020 10:15,1378.9,1380.85,1373.55,1374.8
2/27/2020 10:30,1374.8,1377.7,1373,1377.6
2/27/2020 10:45,1377.6,1380,1375.1,1379
2/27/2020 11:00,1379,1381.8,1378.2,1381
2/27/2020 11:15,1381,1388.9,1381,1388
2/27/2020 11:30,1388,1391.3,1386.8,1386.8
2/27/2020 11:45,1386.8,1387.6,1384.1,1385.7
2/27/2020 12:00,1385.7,1389,1385.15,1387.8
2/27/2020 12:15,1387.8,1393.85,1387.1,1393.2
2/27/2020 12:30,1393.2,1395.5,1391,1394.25
2/27/2020 12:45,1394.25,1394.25,1386.6,1390.5
2/27/2020 13:00,1390.5,1396,1390.5,1394
2/27/2020 13:15,1394,1397,1393,1393.8
2/27/2020 13:30,1393.8,1394.25,1386.7,1389.85
2/27/2020 13:45,1389.85,1392.45,1387,1387
2/27/2020 14:00,1387,1388.05,1375,1377.35
2/27/2020 14:15,1377.35,1380.4,1375.5,1376.75
2/27/2020 14:30,1376.75,1382.5,1376.2,1382.2
2/27/2020 14:45,1381.3,1387.45,1380.45,1384.1
2/27/2020 15:00,1384.1,1384.1,1380,1382
2/27/2020 15:15,1381.35,1393,1376.65,1392.1
2/28/2020 9:15,1363.35,1364.75,1351.5,1352.75
2/28/2020 9:30,1352,1354.05,1342,1342.2
2/28/2020 9:45,1342.7,1343.7,1335.25,1339.8
2/28/2020 10:00,1339.75,1343,1336,1339
2/28/2020 10:15,1339,1342,1336.85,1340
2/28/2020 10:30,1340,1348,1339,1346.6
2/28/2020 10:45,1346.6,1346.75,1341.05,1343.35
2/28/2020 11:00,1342.95,1350,1342.3,1350
2/28/2020 11:15,1350,1352.2,1348.55,1350.6
2/28/2020 11:30,1350.95,1354.5,1349.55,1350
2/28/2020 11:45,1350.65,1357.8,1349.5,1350.05
2/28/2020 12:00,1350.05,1350.45,1344,1345
2/28/2020 12:15,1345,1347.5,1341.2,1345.85
2/28/2020 12:30,1345.85,1355,1345.85,1349.7
2/28/2020 12:45,1349.7,1359.05,1349.25,1356
2/28/2020 13:00,1356,1358,1349.1,1350.3
2/28/2020 13:15,1350.3,1352.75,1349.3,1352
2/28/2020 13:30,1352,1352,1347.55,1348.65
2/28/2020 13:45,1348.65,1350.1,1345,1346.9
2/28/2020 14:00,1346.9,1349.3,1340.75,1343
2/28/2020 14:15,1343,1343.95,1338,1340.45
2/28/2020 14:30,1340.45,1344,1333.95,1335
2/28/2020 14:45,1335,1336.3,1329.45,1329.45
2/28/2020 15:00,1328.5,1329.85,1318.05,1318.85
2/28/2020 15:15,1318.15,1322,1312.1,1321.05
3/2/2020 9:15,1340.45,1356.45,1335,1340.9
3/2/2020 9:30,1340.9,1349.4,1337.7,1348.5
3/2/2020 9:45,1348.2,1351.9,1344.3,1346.35
3/2/2020 10:00,1345.35,1348.8,1331.75,1335
3/2/2020 10:15,1335,1341.9,1331.9,1339.75
3/2/2020 10:30,1340.75,1340.75,1333.75,1334
3/2/2020 10:45,1334,1336,1330.8,1334.6
3/2/2020 11:00,1334.6,1341.6,1334,1335.95
3/2/2020 11:15,1335.95,1338,1334,1337
3/2/2020 11:30,1337,1340,1335.7,1337.8
3/2/2020 11:45,1337.8,1345,1337.8,1344.4
3/2/2020 12:00,1344.4,1348,1341.1,1341.15
3/2/2020 12:15,1341.7,1343.4,1337.35,1340.5
3/2/2020 12:30,1340.5,1342,1334,1334.55
3/2/2020 12:45,1334.55,1336.95,1327.1,1336.7
3/2/2020 13:00,1336.7,1337.85,1333.6,1335.5
3/2/2020 13:15,1335.5,1344.95,1335.5,1343.35
3/2/2020 13:30,1343.5,1347.5,1339,1346.5
3/2/2020 13:45,1346.5,1346.5,1341,1342.7
3/2/2020 14:00,1342.7,1348.7,1342.55,1345
3/2/2020 14:15,1345,1345,1336.4,1340
3/2/2020 14:30,1340,1340.4,1330.65,1332.2
3/2/2020 14:45,1332.2,1333.8,1306.65,1310.1
3/2/2020 15:00,1310,1310,1270.1,1271.65
3/2/2020 15:15,1272.4,1286.65,1270,1275
3/3/2020 9:15,1288,1319.8,1288,1313.3
3/3/2020 9:30,1311.9,1321.3,1308.5,1318.15
3/3/2020 9:45,1318.15,1321,1312,1312
3/3/2020 10:00,1312,1312.2,1305,1305.45
3/3/2020 10:15,1305.4,1306.5,1300,1302.5
3/3/2020 10:30,1302.55,1310.75,1301.45,1305
3/3/2020 10:45,1305,1308.95,1301.1,1308.45
3/3/2020 11:00,1308.65,1310.9,1304.65,1306.35
3/3/2020 11:15,1306.35,1308.5,1301.4,1305.1
3/3/2020 11:30,1305.1,1306.45,1296.25,1298.7
3/3/2020 11:45,1298.25,1301.1,1295.35,1299.45
3/3/2020 12:00,1300.2,1307.95,1299.75,1305.65
3/3/2020 12:15,1305.65,1314.2,1305.35,1312.15
3/3/2020 12:30,1312.15,1317,1310,1316.7
3/3/2020 12:45,1316.7,1320,1315.35,1317.85
3/3/2020 13:00,1317.8,1318.9,1310.8,1312
3/3/2020 13:15,1312,1319,1308,1318.55
3/3/2020 13:30,1318.55,1320,1314.5,1319.9
3/3/2020 13:45,1319.9,1324.45,1316.15,1319
3/3/2020 14:00,1319,1327.05,1317.6,1324.25
3/3/2020 14:15,1324.25,1328.5,1320,1327.7
3/3/2020 14:30,1327.7,1332.9,1325.1,1328.5
3/3/2020 14:45,1328.95,1336.9,1327.65,1334.85
3/3/2020 15:00,1334.85,1336,1330,1335
3/3/2020 15:15,1335,1342,1330.45,1334.6
3/4/2020 9:15,1340.35,1343.55,1317.4,1328.9
3/4/2020 9:30,1327.55,1328.5,1315.05,1325.35
3/4/2020 9:45,1325.35,1332,1320.3,1329.2
3/4/2020 10:00,1329.2,1329.9,1322.5,1323
3/4/2020 10:15,1323,1326.2,1317,1325.55
3/4/2020 10:30,1325.7,1329.6,1323.15,1324.25
3/4/2020 10:45,1324.25,1324.6,1320,1320.5
3/4/2020 11:00,1320.5,1323.55,1318.15,1322.95
3/4/2020 11:15,1322.95,1327,1321.15,1324.5
3/4/2020 11:30,1324.5,1329,1324.2,1328.1
3/4/2020 11:45,1328.15,1332.8,1326.65,1327.75
3/4/2020 12:00,1327.6,1328.9,1326,1328.8
3/4/2020 12:15,1328.8,1330.75,1325,1329.1
3/4/2020 12:30,1329.1,1329.8,1327.5,1328
3/4/2020 12:45,1327.75,1328.05,1314,1319.7
3/4/2020 13:00,1319.7,1321.35,1310,1311.4
3/4/2020 13:15,1311.4,1313,1306.5,1307.5
3/4/2020 13:30,1307.5,1308.85,1294.2,1297.8
3/4/2020 13:45,1297.8,1307,1296,1304.9
3/4/2020 14:00,1304.9,1307,1296.55,1301.85
3/4/2020 14:15,1301.7,1312,1300.25,1308
3/4/2020 14:30,1307.3,1312.65,1301.75,1311.15
3/4/2020 14:45,1311.15,1323.45,1307.85,1321.4
3/4/2020 15:00,1322,1327,1316,1325.5
3/4/2020 15:15,1325.5,1330.5,1320,1320
3/5/2020 9:15,1328.9,1342,1327,1337.8
3/5/2020 9:30,1337.8,1344.5,1336.5,1340.8
3/5/2020 9:45,1340.8,1341.6,1331.8,1337.8
3/5/2020 10:00,1337.8,1339.2,1331.2,1333.65
3/5/2020 10:15,1333.9,1333.9,1324.5,1332.6
3/5/2020 10:30,1332.6,1334.8,1323.5,1332.2
3/5/2020 10:45,1332.2,1340,1331.2,1334.85
3/5/2020 11:00,1334.8,1338.45,1331.95,1332.5
3/5/2020 11:15,1332.5,1340,1332.5,1338.2
3/5/2020 11:30,1338.2,1339.55,1332.5,1333
3/5/2020 11:45,1333,1333,1325.3,1330.6
3/5/2020 12:00,1330.6,1332.5,1329.2,1332.2
3/5/2020 12:15,1331.2,1336,1331.2,1334.9
3/5/2020 12:30,1334.9,1336.95,1325.15,1329.4
3/5/2020 12:45,1329.4,1329.4,1323,1325.6
3/5/2020 13:00,1325.95,1325.95,1323.5,1325
3/5/2020 13:15,1325,1326.15,1317.4,1318.15
3/5/2020 13:30,1318.15,1319,1307,1307
3/5/2020 13:45,1307,1317.95,1303.05,1314.9
3/5/2020 14:00,1314.9,1316.5,1312,1314.85
3/5/2020 14:15,1314.85,1317.75,1312.75,1313.15
3/5/2020 14:30,1313.15,1314.7,1305.5,1308.9
3/5/2020 14:45,1308.9,1311.85,1303,1305.15
3/5/2020 15:00,1305.55,1311.75,1302.15,1304.1
3/5/2020 15:15,1304.05,1304.5,1297.15,1300
3/6/2020 9:15,1258.9,1280,1248,1271.35
3/6/2020 9:30,1272.7,1279,1266,1279
3/6/2020 9:45,1279,1282.7,1277.1,1278.8
3/6/2020 10:00,1278.8,1287.65,1275,1283.05
3/6/2020 10:15,1283.05,1286.8,1278.5,1286
3/6/2020 10:30,1286,1295.65,1285,1295.45
3/6/2020 10:45,1295.45,1295.45,1284,1285.35
3/6/2020 11:00,1285.35,1285.7,1281.2,1282.9
3/6/2020 11:15,1282.9,1291.2,1278.35,1290.25
3/6/2020 11:30,1290,1290.9,1281.65,1284.4
3/6/2020 11:45,1284.4,1289.5,1283,1286.35
3/6/2020 12:00,1286.35,1288.4,1284.05,1286.5
3/6/2020 12:15,1286.5,1288,1284.65,1288
3/6/2020 12:30,1288,1294,1288,1290.95
3/6/2020 12:45,1290.95,1292.45,1285,1288.75
3/6/2020 13:00,1288.75,1297.85,1285.35,1296.55
3/6/2020 13:15,1296.55,1306.4,1296,1298.2
3/6/2020 13:30,1298.2,1299,1293.9,1294.5
3/6/2020 13:45,1294.5,1303,1294,1302.15
3/6/2020 14:00,1302.15,1303,1290.3,1291.55
3/6/2020 14:15,1291.8,1296.4,1286.5,1295.05
3/6/2020 14:30,1295.05,1300.9,1295.05,1299.35
3/6/2020 14:45,1299.35,1305.5,1298.45,1303.5
3/6/2020 15:00,1303.35,1304.5,1296.55,1300
3/6/2020 15:15,1300.7,1305.85,1298.5,1300.9
3/9/2020 9:15,1276.75,1292.35,1272,1282.4
3/9/2020 9:30,1281.1,1282,1262.1,1272.2
3/9/2020 9:45,1272.2,1274.35,1267.5,1271.55
3/9/2020 10:00,1271.55,1279.95,1268,1279.8
3/9/2020 10:15,1279.8,1281.4,1275,1276.35
3/9/2020 10:30,1276.35,1278,1272,1272.7
3/9/2020 10:45,1272.5,1274.5,1267.35,1269.3
3/9/2020 11:00,1269.3,1275.6,1268.15,1273.35
3/9/2020 11:15,1273.35,1279.9,1273,1277.9
3/9/2020 11:30,1277.65,1279.8,1275.3,1277.55
3/9/2020 11:45,1277.6,1284.9,1276.4,1284.9
3/9/2020 12:00,1284.9,1285,1279.6,1280.2
3/9/2020 12:15,1280.2,1282.9,1280.05,1281
3/9/2020 12:30,1281.55,1284.7,1279.25,1279.8
3/9/2020 12:45,1279.8,1279.95,1245.1,1262.5
3/9/2020 13:00,1262.5,1263.05,1243.55,1243.55
3/9/2020 13:15,1243.9,1249.75,1234,1234
3/9/2020 13:30,1234.15,1241.55,1230.85,1235.3
3/9/2020 13:45,1236.15,1243,1234,1240.9
3/9/2020 14:00,1240.9,1248.4,1238.15,1245
3/9/2020 14:15,1245.05,1249.95,1242.4,1245
3/9/2020 14:30,1245,1251,1245,1248.8
3/9/2020 14:45,1248.8,1251.4,1245,1249.7
3/9/2020 15:00,1249.7,1251,1246.55,1250.4
3/9/2020 15:15,1250.4,1250.55,1230,1235
3/11/2020 9:15,1243,1264.75,1230.4,1263.9
3/11/2020 9:30,1264.7,1264.7,1246.8,1248.5
3/11/2020 9:45,1248.3,1251.5,1238,1238.95
3/11/2020 10:00,1238.9,1244.35,1231.6,1238.3
3/11/2020 10:15,1238.3,1240,1233,1235.8
3/11/2020 10:30,1236.6,1236.6,1223,1224.15
3/11/2020 10:45,1224.15,1232.55,1221.9,1226.9
3/11/2020 11:00,1226.9,1226.9,1216.45,1217.6
3/11/2020 11:15,1217.4,1222.9,1217.4,1219.45
3/11/2020 11:30,1219.45,1228.3,1219.45,1227.2
3/11/2020 11:45,1227.2,1233.5,1226.3,1231.9
3/11/2020 12:00,1232.85,1233,1224,1224.75
3/11/2020 12:15,1224.75,1226.5,1220.3,1226.25
3/11/2020 12:30,1226.25,1229.9,1221.95,1223.5
3/11/2020 12:45,1223.5,1229.5,1220.1,1220.9
3/11/2020 13:00,1220.9,1226.9,1218.55,1224.9
3/11/2020 13:15,1224.9,1227,1223,1225
3/11/2020 13:30,1225,1226.5,1224.3,1224.85
3/11/2020 13:45,1224.85,1225.05,1219.2,1221.3
3/11/2020 14:00,1221.3,1224,1216,1223.3
3/11/2020 14:15,1223.3,1225.5,1221.55,1225
3/11/2020 14:30,1225,1225.7,1222.3,1224.9
3/11/2020 14:45,1224.9,1226.95,1223.35,1226.95
3/11/2020 15:00,1227,1227.15,1211.25,1215
3/11/2020 15:15,1214.6,1217.9,1212.2,1213
3/12/2020 9:15,1161,1163.95,1127,1127
3/12/2020 9:30,1127.55,1133.05,1118.35,1131.45
3/12/2020 9:45,1131.45,1136,1126.95,1130.25
3/12/2020 10:00,1130,1136.7,1127.4,1129.3
3/12/2020 10:15,1129.3,1134,1126.2,1132
3/12/2020 10:30,1132,1136,1127.4,1128
3/12/2020 10:45,1128,1128.35,1085.25,1090.2
3/12/2020 11:00,1090.2,1096.15,1083.3,1095.6
3/12/2020 11:15,1094.75,1103.6,1091.25,1102
3/12/2020 11:30,1102.1,1110,1100,1100.95
3/12/2020 11:45,1100.95,1107,1100.4,1105.95
3/12/2020 12:00,1105.95,1120,1105.1,1119.6
3/12/2020 12:15,1119.6,1140.95,1119.55,1138.45
3/12/2020 12:30,1138.45,1141.35,1129.5,1138.4
3/12/2020 12:45,1138.4,1147,1127.15,1127.15
3/12/2020 13:00,1127.9,1134.65,1127.15,1128.6
3/12/2020 13:15,1128.75,1130,1116.7,1126.45
3/12/2020 13:30,1126.45,1141.7,1121.85,1140.75
3/12/2020 13:45,1140.75,1147.25,1140,1140.65
3/12/2020 14:00,1140.05,1147.95,1136.2,1143
3/12/2020 14:15,1143,1147,1141.65,1145.85
3/12/2020 14:30,1145.85,1146.05,1124.7,1138.25
3/12/2020 14:45,1138.25,1155.85,1134.5,1144.05
3/12/2020 15:00,1144.05,1148.45,1137,1138.9
3/12/2020 15:15,1138.9,1155,1135.55,1154.65
3/13/2020 9:15,1079.35,1079.35,1030.1,1031.45
3/13/2020 10:15,1024.55,1098.95,1021.35,1063.2
3/13/2020 10:30,1062.45,1140.35,1062.15,1121.35
3/13/2020 10:45,1121.35,1152.5,1102.4,1107.5
3/13/2020 11:00,1107.5,1140,1098.55,1134
3/13/2020 11:15,1134.4,1157.8,1131.3,1152.4
3/13/2020 11:30,1152,1155,1131.6,1140.2
3/13/2020 11:45,1139.85,1147.5,1134.85,1143.95
3/13/2020 12:00,1143.95,1181.05,1142.1,1172.75
3/13/2020 12:15,1172.75,1179.95,1163.15,1171.45
3/13/2020 12:30,1171.45,1182,1164.2,1170.1
3/13/2020 12:45,1170.1,1182.45,1169.75,1179.4
3/13/2020 13:00,1179.9,1189.3,1176.1,1182.55
3/13/2020 13:15,1182.55,1187.35,1165.55,1166.8
3/13/2020 13:30,1167.9,1182.5,1166.8,1170.25
3/13/2020 13:45,1170.25,1171.35,1156.2,1162.05
3/13/2020 14:00,1162.05,1162.45,1152.7,1160.7
3/13/2020 14:15,1160.7,1163.7,1140.95,1140.95
3/13/2020 14:30,1140.55,1167.1,1137.35,1165
3/13/2020 14:45,1165,1178,1162.7,1176
3/13/2020 15:00,1176,1185.4,1172.4,1179.95
3/13/2020 15:15,1179.95,1182.4,1173.95,1180
3/16/2020 9:15,1129,1132.4,1095.35,1108.15
3/16/2020 9:30,1108.15,1111.7,1098,1111
3/16/2020 9:45,1110.65,1132,1108.95,1126
3/16/2020 10:00,1126,1139.65,1122.4,1130.05
3/16/2020 10:15,1130.05,1140,1128.8,1134
3/16/2020 10:30,1134,1138,1127,1134
3/16/2020 10:45,1133.75,1149.7,1133.3,1141
3/16/2020 11:00,1141.15,1142,1126,1132.4
3/16/2020 11:15,1132.4,1138,1128.2,1133.3
3/16/2020 11:30,1133.3,1139,1128.65,1129.75
3/16/2020 11:45,1129.75,1134,1125.1,1128
3/16/2020 12:00,1128,1133.4,1123.8,1128.7
3/16/2020 12:15,1128.7,1133.5,1121,1123.65
3/16/2020 12:30,1123.65,1139,1122.85,1133
3/16/2020 12:45,1133,1136.9,1127,1129.95
3/16/2020 13:00,1129.95,1134.75,1128.25,1129
3/16/2020 13:15,1129,1136.85,1127.8,1136.4
3/16/2020 13:30,1136.4,1143.4,1130.55,1131
3/16/2020 13:45,1131.25,1132.4,1128,1128.75
3/16/2020 14:00,1128.75,1131,1121.1,1125
3/16/2020 14:15,1125,1134.45,1120,1133.5
3/16/2020 14:30,1133.55,1138,1127.45,1131.2
3/16/2020 14:45,1131.2,1131.9,1117,1121.75
3/16/2020 15:00,1120.75,1138.7,1119.05,1133.65
3/16/2020 15:15,1133.85,1140.75,1130.15,1134.05
3/17/2020 9:15,1141.1,1153.65,1103.05,1114.5
3/17/2020 9:30,1114.5,1139.8,1113.45,1127.3
3/17/2020 9:45,1127.45,1142,1125.45,1141.15
3/17/2020 10:00,1142.55,1153.4,1141.2,1150.35
3/17/2020 10:15,1150,1162.35,1149.85,1159.8
3/17/2020 10:30,1159.8,1162,1153.1,1156.1
3/17/2020 10:45,1156.1,1156.1,1149.5,1149.5
3/17/2020 11:00,1149.5,1152.25,1143.85,1147
3/17/2020 11:15,1147.05,1152,1144,1145.25
3/17/2020 11:30,1144.9,1148.6,1137.4,1147
3/17/2020 11:45,1147,1153.9,1143,1153
3/17/2020 12:00,1153,1156.45,1148.5,1150.1
3/17/2020 12:15,1150.1,1156,1150,1154.5
3/17/2020 12:30,1154.3,1161.85,1151,1151
3/17/2020 12:45,1153.8,1153.8,1142.2,1144.95
3/17/2020 13:00,1144.95,1153.6,1140.7,1148.35
3/17/2020 13:15,1148.35,1151.55,1145.55,1147.1
3/17/2020 13:30,1147.1,1147.6,1142.3,1145
3/17/2020 13:45,1145,1146,1140.3,1143
3/17/2020 14:00,1143,1148.95,1140,1147.85
3/17/2020 14:15,1147.85,1149,1140.8,1143.45
3/17/2020 14:30,1142.1,1148.2,1137.3,1141.3
3/17/2020 14:45,1141.3,1146.6,1136.1,1137.9
3/17/2020 15:00,1138.15,1138.95,1115.9,1117.15
3/17/2020 15:15,1117.15,1129.95,1116.7,1126.6
3/18/2020 9:15,1137.2,1144.9,1098,1099.05
3/18/2020 9:30,1099.05,1108.05,1096.6,1103.75
3/18/2020 9:45,1103.5,1110.55,1100,1101.25
3/18/2020 10:00,1101.25,1110,1096.65,1110
3/18/2020 10:15,1109.15,1114,1104.9,1111.6
3/18/2020 10:30,1112.4,1120.95,1108.1,1111.25
3/18/2020 10:45,1111.25,1115,1106.55,1109.55
3/18/2020 11:00,1108.85,1114.8,1104,1111.15
3/18/2020 11:15,1111.15,1115.95,1110.7,1114.3
3/18/2020 11:30,1114.3,1115.45,1102.65,1106.4
3/18/2020 11:45,1105.7,1111,1100.35,1105.55
3/18/2020 12:00,1105.55,1109,1090,1092.9
3/18/2020 12:15,1093,1102.3,1090.7,1097.75
3/18/2020 12:30,1098.2,1099,1083,1097.55
3/18/2020 12:45,1097.55,1104,1090,1090.1
3/18/2020 13:00,1091.2,1092.25,1080.2,1086.85
3/18/2020 13:15,1087.8,1090,1081,1083.9
3/18/2020 13:30,1084.65,1094.6,1082.25,1091.85
3/18/2020 13:45,1091.85,1091.85,1081.35,1081.35
3/18/2020 14:00,1082.25,1087.35,1073,1075
3/18/2020 14:15,1074.95,1090,1074.25,1082.3
3/18/2020 14:30,1082.3,1087.85,1076.7,1080.9
3/18/2020 14:45,1080.9,1083.3,1069.1,1072.2
3/18/2020 15:00,1071.3,1084.85,1069.9,1078.1
3/18/2020 15:15,1079,1093.2,1074.65,1080
3/19/2020 9:15,1033.9,1045.4,1000.45,1018.55
3/19/2020 9:30,1018.6,1027.45,1007.05,1024.1
3/19/2020 9:45,1024,1035.95,1011.7,1015
3/19/2020 10:00,1014.25,1042.95,1013.1,1027.95
3/19/2020 10:15,1028.1,1035.35,1016,1019.4
3/19/2020 10:30,1019.5,1032.45,1018.55,1025.15
3/19/2020 10:45,1025.15,1035,1025.15,1034.25
3/19/2020 11:00,1034.3,1056.35,1034.25,1056.35
3/19/2020 11:15,1056.35,1080.5,1047.45,1074.95
3/19/2020 11:30,1074.95,1093.4,1072.65,1085
3/19/2020 11:45,1085,1090.3,1077.5,1084.45
3/19/2020 12:00,1084.45,1102.5,1078.85,1096.4
3/19/2020 12:15,1096.4,1117.15,1096,1108.05
3/19/2020 12:30,1108.05,1112.5,1099.05,1111.8
3/19/2020 12:45,1111.8,1122.65,1109.8,1122
3/19/2020 13:00,1122.55,1131.4,1117.5,1119
3/19/2020 13:15,1118.15,1120.7,1102.1,1107.95
3/19/2020 13:30,1107.95,1111.9,1102.25,1104.3
3/19/2020 13:45,1104.3,1125,1103.95,1122.15
3/19/2020 14:00,1123,1125,1104.7,1113.4
3/19/2020 14:15,1114,1114.5,1097.6,1102.55
3/19/2020 14:30,1102.8,1103,1094.8,1097
3/19/2020 14:45,1097,1103.35,1095.4,1100.15
3/19/2020 15:00,1100,1104.8,1078.1,1080
3/19/2020 15:15,1080,1082.55,1051,1066.6
3/20/2020 9:15,1085.1,1110.4,1061.6,1101
3/20/2020 9:30,1101,1113,1089.1,1105.05
3/20/2020 9:45,1105.05,1115.9,1094.6,1109.25
3/20/2020 10:00,1109.25,1118.35,1105,1112
3/20/2020 10:15,1112,1114.85,1103.2,1111.65
3/20/2020 10:30,1111.65,1117.65,1105.85,1107
3/20/2020 10:45,1107,1114.85,1106.4,1110.7
3/20/2020 11:00,1110.7,1115.6,1109.5,1111.05
3/20/2020 11:15,1111.05,1118,1111.05,1118
3/20/2020 11:30,1119,1122.75,1115,1120.2
3/20/2020 11:45,1121.65,1132.85,1120.5,1127.1
3/20/2020 12:00,1127.1,1142.9,1127,1139.65
3/20/2020 12:15,1139.65,1146.5,1133.15,1142
3/20/2020 12:30,1142,1145,1122.45,1127.4
3/20/2020 12:45,1127.4,1139.25,1127.4,1135
3/20/2020 13:00,1136.05,1137.9,1129,1137.9
3/20/2020 13:15,1137.5,1139.65,1127.7,1132.8
3/20/2020 13:30,1132.8,1134.95,1124.25,1125.15
3/20/2020 13:45,1125.15,1128.9,1101,1101.9
3/20/2020 14:00,1101.2,1106,1082.1,1087.5
3/20/2020 14:15,1087.1,1101,1075,1101
3/20/2020 14:30,1101,1101.8,1082.1,1087.65
3/20/2020 14:45,1087.65,1108,1085,1104.15
3/20/2020 15:00,1104.3,1123.6,1104,1111.3
3/20/2020 15:15,1111.3,1146,1110.4,1142.9
3/23/2020 9:15,1034,1056.1,1030,1036
3/23/2020 9:30,1036,1041.6,1015.15,1016.7
3/23/2020 9:45,1016.7,1017.85,1005,1005.75
3/23/2020 10:45,1027,1030,1000,1011.6
3/23/2020 11:00,1011.6,1036.9,1005,1014.45
3/23/2020 11:15,1014.45,1016.7,988,993.35
3/23/2020 11:30,993.25,1019.1,991.05,1011.9
3/23/2020 11:45,1011.9,1016.55,1004.9,1006.9
3/23/2020 12:00,1006.9,1011.85,998,1002.75
3/23/2020 12:15,1002.75,1014.95,998.95,1013.4
3/23/2020 12:30,1013.4,1023.85,1011.7,1013.45
3/23/2020 12:45,1014.25,1019.25,1009.95,1011.7
3/23/2020 13:00,1011.7,1014.85,1009,1010
3/23/2020 13:15,1010,1011.85,1001.15,1010
3/23/2020 13:30,1010.4,1011.6,1004,1005.8
3/23/2020 13:45,1005.8,1011.4,1000.55,1003
3/23/2020 14:00,1003.5,1006,997.5,999.1
3/23/2020 14:15,999.1,1009.2,997.7,1009.2
3/23/2020 14:30,1009.2,1012.3,1000,1002.45
3/23/2020 14:45,1002.9,1004,995.25,1002.5
3/23/2020 15:00,1002,1004.8,998,1000.55
3/23/2020 15:15,1000.55,1001.1,990,1000
3/24/2020 9:15,1014,1030,998.1,1005.95
3/24/2020 9:30,1005.95,1005.95,980.2,989.05
3/24/2020 9:45,989.05,992.8,956,978.2
3/24/2020 10:00,978.2,979.2,960.1,968.45
3/24/2020 10:15,968.45,968.45,955.5,961.75
3/24/2020 10:30,961.25,974.35,960,964.5
3/24/2020 10:45,964.55,977.4,950.2,951
3/24/2020 11:00,951.55,957.55,943.05,955.5
3/24/2020 11:15,955.5,970,954.3,966.65
3/24/2020 11:30,968.65,982.2,965,969
3/24/2020 11:45,969,971.6,948.45,954.45
3/24/2020 12:00,955.85,960.5,949.1,951.75
3/24/2020 12:15,950.95,962.25,949.45,961.55
3/24/2020 12:30,961.5,983.4,957.45,978
3/24/2020 12:45,978,979.55,963.55,974
3/24/2020 13:00,973.65,979.7,970.35,978
3/24/2020 13:15,978,997,978,997
3/24/2020 13:30,997,1001.4,991,997.15
3/24/2020 13:45,997.15,997.95,975.4,986.5
3/24/2020 14:00,986.5,987.3,970.55,975.1
3/24/2020 14:15,975.1,984.7,970.85,977.85
3/24/2020 14:30,977.8,980.65,968.1,973.55
3/24/2020 14:45,973.95,973.95,955.2,958.65
3/24/2020 15:00,958.65,959.65,945.65,947.5
3/24/2020 15:15,947.5,949.55,941,947.75
3/25/2020 9:15,928,939.6,918.3,927.6
3/25/2020 9:30,927.25,928,903.25,904.05
3/25/2020 9:45,904.4,911,904.4,908.55
3/25/2020 10:00,908.55,911.45,901.2,902.9
3/25/2020 10:15,902.9,910.4,895.15,909.65
3/25/2020 10:30,909.65,912.85,903.25,906.75
3/25/2020 10:45,907.45,909.7,902,906.25
3/25/2020 11:00,906.25,912.95,905.15,912.3
3/25/2020 11:15,912.05,915.9,907.15,913.25
3/25/2020 11:30,913.25,913.4,907,909.7
3/25/2020 11:45,909.7,917.1,906,914.75
3/25/2020 12:00,914.75,914.75,908.4,911.3
3/25/2020 12:15,911.3,911.9,905.6,909.05
3/25/2020 12:30,909.05,916.35,909.05,916.35
3/25/2020 12:45,915.5,921.7,912.1,913.75
3/25/2020 13:00,913.75,920.25,912.1,915
3/25/2020 13:15,914,923.3,913.1,913.35
3/25/2020 13:30,913.35,915,904,912.85
3/25/2020 13:45,913.4,918.45,912.85,917.15
3/25/2020 14:00,917.15,919.35,910.85,913.6
3/25/2020 14:15,913.65,921.05,912.5,918
3/25/2020 14:30,918.5,919,912,915.25
3/25/2020 14:45,915,927.3,913.55,924.5
3/25/2020 15:00,924,925.35,913.45,917.5
3/25/2020 15:15,917.5,920.4,910,911.5
3/26/2020 9:15,921.8,922,896,920
3/26/2020 9:30,920.05,935.2,917.5,921.75
3/26/2020 9:45,921.75,936.55,921.05,936.25
3/26/2020 10:00,936,937,920,929.25
3/26/2020 10:15,929.25,952.35,928,938.05
3/26/2020 10:30,938.1,939.9,930,932.3
3/26/2020 10:45,932.85,933.55,917,919.85
3/26/2020 11:00,920.5,923.9,910,921.15
3/26/2020 11:15,920.5,924.7,915.35,918
3/26/2020 11:30,918.7,923,908,920.2
3/26/2020 11:45,920.2,923.55,914.95,918.9
3/26/2020 12:00,918.9,923,917,920.9
3/26/2020 12:15,920.3,921.25,917.55,919
3/26/2020 12:30,919,943.25,918.25,939.75
3/26/2020 12:45,940,943.4,933.05,943.15
3/26/2020 13:00,943,952,940,951.5
3/26/2020 13:15,951.5,959.55,945,948.15
3/26/2020 13:30,947.75,954.95,941.15,946.25
3/26/2020 13:45,946.25,951.75,945.85,947.65
3/26/2020 14:00,947.65,956.65,942,955
3/26/2020 14:15,955.95,962.7,953.35,962.7
3/26/2020 14:30,962.35,971.95,949.35,952.6
3/26/2020 14:45,953.05,971.45,951.5,965
3/26/2020 15:00,965.6,967.75,958,965.05
3/26/2020 15:15,965.95,980,964.15,980
3/27/2020 9:15,1000,1000,975.65,991.4
3/27/2020 9:30,991.35,1009.95,990.2,995.1
3/27/2020 9:45,995.05,998,970.4,972.55
3/27/2020 10:00,972.65,989,962.75,968.5
3/27/2020 10:15,968.5,980.55,960,970
3/27/2020 10:30,970,972.55,963,965.65
3/27/2020 10:45,966.35,967,954,954.1
3/27/2020 11:00,954.1,971.15,950.4,952
3/27/2020 11:15,952,960.65,945.1,951.2
3/27/2020 11:30,951.2,960.8,951,953.95
3/27/2020 11:45,953.95,967.7,950.25,966.65
3/27/2020 12:00,967.7,972.05,960.5,964
3/27/2020 12:15,962,968.05,961.8,965.2
3/27/2020 12:30,965.2,967,958.1,960.6
3/27/2020 12:45,960.6,962.75,955,957.6
3/27/2020 13:00,958.35,959.7,946.3,951.35
3/27/2020 13:15,951.35,952.45,945,949.6
3/27/2020 13:30,949.75,964.9,948.45,962
3/27/2020 13:45,962,962,955.1,959.85
3/27/2020 14:00,959.75,963.9,953.35,961.6
3/27/2020 14:15,961.6,967,959.6,965.5
3/27/2020 14:30,965.5,965.7,948.3,951.55
3/27/2020 14:45,951.55,959,949,955.75
3/27/2020 15:00,955.75,960,950.05,955.25
3/27/2020 15:15,955.25,967,941.75,954.9
3/30/2020 9:15,939.8,950.3,924.05,935.55
3/30/2020 9:30,935.55,953.55,932.3,944.35
3/30/2020 9:45,943.65,946.6,933.45,940.15
3/30/2020 10:00,939.1,951.3,938.3,944.9
3/30/2020 10:15,944.2,951.65,943.8,948.5
3/30/2020 10:30,948.5,957.9,948.5,955
3/30/2020 10:45,955,958.95,955,957.95
3/30/2020 11:00,957.95,958,945.15,946.9
3/30/2020 11:15,946.9,951.75,944,947.3
3/30/2020 11:30,947.3,949.7,941.55,946.1
3/30/2020 11:45,946.1,949.7,944.5,946.5
3/30/2020 12:00,946.5,948.8,944.95,948.45
3/30/2020 12:15,947.85,951.7,945.2,946.3
3/30/2020 12:30,946.25,949,945.4,948.15
3/30/2020 12:45,948.15,949.95,946,946
3/30/2020 13:00,946,947,937.7,937.9
3/30/2020 13:15,937.9,942.3,936,938
3/30/2020 13:30,938,945.55,937.95,942.55
3/30/2020 13:45,942.55,943,937.25,939.5
3/30/2020 14:00,939.5,947.15,937,945.9
3/30/2020 14:15,945.25,946.45,940.5,944.3
3/30/2020 14:30,944.3,948.5,941,941.7
3/30/2020 14:45,941.4,943.3,937,939.75
3/30/2020 15:00,939.75,941.9,934.1,934.15
3/30/2020 15:15,935,948.8,927.6,940.65
3/31/2020 9:15,959,959,945.35,950.15
3/31/2020 9:30,950.75,958.45,950,956.6
3/31/2020 9:45,956.6,969.7,956,965.2
3/31/2020 10:00,965.2,966,959.8,961.55
3/31/2020 10:15,961.55,965,949.35,950.45
3/31/2020 10:30,950.8,951.45,942.5,945.65
3/31/2020 10:45,945.65,950.1,942.75,942.75
3/31/2020 11:00,942.75,950.8,938.5,950.15
3/31/2020 11:15,950.15,956.7,948.9,955.3
3/31/2020 11:30,955.3,959,953.4,957.45
3/31/2020 11:45,958.3,963.95,955.3,963.25
3/31/2020 12:00,963.75,970.5,961,965.1
3/31/2020 12:15,965.1,968.4,957.85,962.4
3/31/2020 12:30,963,976.5,963,973.95
3/31/2020 12:45,973.95,975.05,972,974.95
3/31/2020 13:00,974.95,978.1,972,977.3
3/31/2020 13:15,977.3,985.6,975.7,978.1
3/31/2020 13:30,977.65,980,968.1,971.2
3/31/2020 13:45,971.2,976.95,970,975.4
3/31/2020 14:00,975.4,976.5,971.4,974.2
3/31/2020 14:15,974.2,980,974.1,979.7
3/31/2020 14:30,978,978.5,971.35,972.95
3/31/2020 14:45,972.95,974,968.3,969
3/31/2020 15:00,969,970.9,964,967.9
3/31/2020 15:15,968.2,974.9,964.15,966
4/1/2020 9:15,964.8,964.8,950.1,956.7
4/1/2020 9:30,955.95,960.35,951.6,951.9
4/1/2020 9:45,951.9,964,948,962.1
4/1/2020 10:00,962.1,967.8,958.25,959.2
4/1/2020 10:15,959.95,965.75,958.75,963
4/1/2020 10:30,962.3,964.55,957.9,959.55
4/1/2020 10:45,959.55,961.95,955,958
4/1/2020 11:00,958,967,957.6,961.75
4/1/2020 11:15,961.75,963.25,959.9,962.4
4/1/2020 11:30,962.4,962.4,959.35,960.95
4/1/2020 11:45,960.95,961,958.85,960.15
4/1/2020 12:00,960.15,964.8,959.85,961.6
4/1/2020 12:15,961.6,964.35,959.45,960.05
4/1/2020 12:30,960.05,964.5,959.9,963.5
4/1/2020 12:45,963.5,964.5,960.1,963.3
4/1/2020 13:00,963.3,964.5,960.05,960.45
4/1/2020 13:15,960.5,965,959.5,963.85
4/1/2020 13:30,963.85,965,961.45,963.5
4/1/2020 13:45,963.5,964.5,961,961
4/1/2020 14:00,961.05,962.25,957,961.3
4/1/2020 14:15,961.3,963.35,958.25,959
4/1/2020 14:30,959,962,957,959.7
4/1/2020 14:45,959.5,960,954,957.9
4/1/2020 15:00,958.1,965.65,957.35,965.3
4/1/2020 15:15,965.3,968,960,968
4/3/2020 9:15,960,963.2,941.5,947.25
4/3/2020 9:30,948,948.65,937,945.55
4/3/2020 9:45,945.55,956,945.55,951.4
4/3/2020 10:00,951.35,956.75,947.3,956.4
4/3/2020 10:15,956.4,957.85,951.75,957
4/3/2020 10:30,956.8,967,954.6,962.35
4/3/2020 10:45,962.35,962.75,958.6,959
4/3/2020 11:00,958.55,965,957.5,964.9
4/3/2020 11:15,965,969.2,960.85,963.95
4/3/2020 11:30,963.95,964.9,960.55,964.5
4/3/2020 11:45,964.5,965.5,960,961.65
4/3/2020 12:00,961.65,968,955.35,967.35
4/3/2020 12:15,967.35,969.8,962.7,963.8
4/3/2020 12:30,963.8,964.6,955.75,956.65
4/3/2020 12:45,956.4,959.45,951.35,957
4/3/2020 13:00,957,964.5,956.7,964
4/3/2020 13:15,964,964.5,956,957
4/3/2020 13:30,957,965.55,956.05,963.65
4/3/2020 13:45,963.65,966.1,960.5,961.95
4/3/2020 14:00,961.95,962.5,957,957.15
4/3/2020 14:15,957.15,957.5,955.3,956
4/3/2020 14:30,956,962.5,953.05,961.8
4/3/2020 14:45,961.8,965,960.5,964.3
4/3/2020 15:00,965,965.2,957.1,963.3
4/3/2020 15:15,963.3,965.1,958.05,958.05
4/7/2020 9:15,976,987,973.1,980.15
4/7/2020 9:30,979.75,989,979.6,983.65
4/7/2020 9:45,984.05,989.1,981.1,985.9
4/7/2020 10:00,985.9,990,982,982.9
4/7/2020 10:15,982.9,989.1,980,987.75
4/7/2020 10:30,987.75,1005.4,987.35,1004.9
4/7/2020 10:45,1005,1005,998.05,999.85
4/7/2020 11:00,999.7,1009,999,1004.1
4/7/2020 11:15,1004.1,1008.85,1004.1,1005.65
4/7/2020 11:30,1005.65,1010,1002.5,1002.5
4/7/2020 11:45,1003,1004.05,988,988.5
4/7/2020 12:00,988.25,995.55,988.2,993.5
4/7/2020 12:15,993.5,999,991.75,996.9
4/7/2020 12:30,996.9,997.85,983.05,993.8
4/7/2020 12:45,993.8,996.4,987.05,988.75
4/7/2020 13:00,988.75,996,986.2,993.5
4/7/2020 13:15,993.1,995,989.3,989.3
4/7/2020 13:30,989.3,995.5,987.75,993.7
4/7/2020 13:45,993.7,999.8,990.25,999
4/7/2020 14:00,999,999.8,991.1,994.6
4/7/2020 14:15,994.45,998.3,992,994.45
4/7/2020 14:30,993.75,996,990,993.9
4/7/2020 14:45,993.1,1002.45,990.6,1000
4/7/2020 15:00,1000,1018.75,999.15,1014
4/7/2020 15:15,1013.8,1017,1004,1009.95
4/8/2020 9:15,1000,1017,990,1016.9
4/8/2020 9:30,1017,1028.2,1010,1026.9
4/8/2020 9:45,1026.9,1029.9,1017.85,1021.15
4/8/2020 10:00,1021.5,1025.35,1012.4,1024.6
4/8/2020 10:15,1024.6,1029.65,1020,1021.05
4/8/2020 10:30,1021.3,1024.5,1003.35,1016.6
4/8/2020 10:45,1016.65,1021.95,998.15,1001.05
4/8/2020 11:00,1001.05,1001.05,982.05,988.65
4/8/2020 11:15,988.8,990.55,977.45,980.1
4/8/2020 11:30,980.65,981.7,970.2,972.8
4/8/2020 11:45,971.75,972.85,958.4,962.75
4/8/2020 12:00,962.75,968,961.3,962.9
4/8/2020 12:15,962.5,964,948.65,958.4
4/8/2020 12:30,957.95,962,955.8,956.1
4/8/2020 12:45,956.75,959,942.6,944.6
4/8/2020 13:00,944.2,958.95,941.25,956.55
4/8/2020 13:15,956.55,962,951.75,955.5
4/8/2020 13:30,955.5,961,954.05,960
4/8/2020 13:45,960.75,961.8,957.95,958.4
4/8/2020 14:00,958.4,969,958,965.1
4/8/2020 14:15,965.1,969.4,958,960.45
4/8/2020 14:30,960.9,967.4,958.15,965
4/8/2020 14:45,965,968,955.35,960.7
4/8/2020 15:00,961,961.75,955,955.5
4/8/2020 15:15,955.4,958.95,952,958
4/9/2020 9:15,972,973.6,956.25,970
4/9/2020 9:30,970.85,977.55,962.5,965.15
4/9/2020 9:45,965,966,958.4,960
4/9/2020 10:00,960,961.15,951.9,959.5
4/9/2020 10:15,959.5,977,959.5,976
4/9/2020 10:30,976.2,981.5,968,971.65
4/9/2020 10:45,972.3,972.3,963.15,967
4/9/2020 11:00,967,976.95,961,974.7
4/9/2020 11:15,975,976.8,970.65,974.5
4/9/2020 11:30,975,979,968.05,970.15
4/9/2020 11:45,969.85,976.95,969.65,975
4/9/2020 12:00,975,979.7,973.05,979.7
4/9/2020 12:15,978.95,982.25,978,980.35
4/9/2020 12:30,979.7,988.6,979.6,985.65
4/9/2020 12:45,985.35,1001.35,985,1001
4/9/2020 13:00,1000.3,1010.3,999.45,1001.8
4/9/2020 13:15,1001.75,1008.6,1001.5,1003.1
4/9/2020 13:30,1002.9,1006.4,999.25,1004.2
4/9/2020 13:45,1004.2,1014.45,1002.1,1006.5
4/9/2020 14:00,1006.5,1013,1005.25,1008.9
4/9/2020 14:15,1009,1011.75,993,996.9
4/9/2020 14:30,996.9,1002,992.55,995.5
4/9/2020 14:45,995.5,998.8,989.05,998
4/9/2020 15:00,998,1001.2,995.6,998.85
4/9/2020 15:15,999,1011,992.45,1007.7
4/13/2020 9:15,1015,1023.6,1005,1007
4/13/2020 9:30,1007.05,1030.5,1002.2,1018.55
4/13/2020 9:45,1019.5,1020.35,1007,1016
4/13/2020 10:00,1015.45,1019.2,1011,1014.9
4/13/2020 10:15,1014.9,1020.9,1014.2,1019.85
4/13/2020 10:30,1019.85,1030,1017,1025.05
4/13/2020 10:45,1025.1,1044.85,1022,1041
4/13/2020 11:00,1040.6,1049.9,1039,1049.05
4/13/2020 11:15,1049.05,1049.8,1038.05,1043.3
4/13/2020 11:30,1043.1,1055.55,1040.45,1053.6
4/13/2020 11:45,1053.6,1064.85,1052.25,1061.3
4/13/2020 12:00,1061.8,1078.4,1058.75,1077
4/13/2020 12:15,1077.15,1090,1071.45,1085.75
4/13/2020 12:30,1085.1,1099.45,1078.5,1097.75
4/13/2020 12:45,1096.05,1109.65,1088,1093.1
4/13/2020 13:00,1093.1,1098.1,1075.6,1080.9
4/13/2020 13:15,1079.5,1091.45,1072.7,1086.9
4/13/2020 13:30,1086.95,1086.95,1061.3,1063.4
4/13/2020 13:45,1063.5,1069.95,1051.4,1064.55
4/13/2020 14:00,1064.55,1077,1061,1063.9
4/13/2020 14:15,1063.85,1072.3,1056.9,1072.3
4/13/2020 14:30,1071.8,1077.95,1066,1073.2
4/13/2020 14:45,1073.2,1075,1062,1066.5
4/13/2020 15:00,1065,1075,1064,1069.95
4/13/2020 15:15,1069.95,1070,1060.1,1064.85
4/15/2020 9:15,1087,1110.35,1077.25,1099
4/15/2020 9:30,1098.95,1104.05,1091.25,1093.85
4/15/2020 9:45,1092.65,1112.4,1092.65,1110.95
4/15/2020 10:00,1109.55,1118.85,1103.65,1116
4/15/2020 10:15,1116,1124.45,1109.95,1124.45
4/15/2020 10:30,1125.95,1144,1123.4,1144
4/15/2020 10:45,1143.9,1143.95,1130,1133
4/15/2020 11:00,1133,1138.7,1130,1134.6
4/15/2020 11:15,1134.6,1140.7,1132,1133.8
4/15/2020 11:30,1133.8,1138.5,1130,1135.05
4/15/2020 11:45,1135.8,1135.8,1126.7,1131
4/15/2020 12:00,1131,1157.5,1128,1154.35
4/15/2020 12:15,1154.35,1156.45,1151,1152
4/15/2020 12:30,1151.55,1162.95,1144.1,1158.25
4/15/2020 12:45,1158,1159,1150,1151.1
4/15/2020 13:00,1151.25,1154.2,1149.4,1151
4/15/2020 13:15,1151.1,1153.9,1149.7,1151.4
4/15/2020 13:30,1151,1152.9,1150.25,1151
4/15/2020 13:45,1151,1151.4,1135,1136.5
4/15/2020 14:00,1136,1138.5,1123.35,1126.7
4/15/2020 14:15,1126.4,1129.25,1118.2,1128.05
4/15/2020 14:30,1128,1140,1123.2,1138.85
4/15/2020 14:45,1138.7,1146.25,1127.1,1134
4/15/2020 15:00,1133.5,1140,1129,1138.95
4/15/2020 15:15,1139.05,1145,1135,1137
4/16/2020 9:15,1146.45,1146.45,1117.2,1131.85
4/16/2020 9:30,1132.45,1164.75,1130.1,1147
4/16/2020 9:45,1147.8,1158,1146.3,1154
4/16/2020 10:00,1153.95,1153.95,1147,1151.7
4/16/2020 10:15,1151.7,1154.8,1148.7,1150.5
4/16/2020 10:30,1151,1152.6,1131.5,1139.6
4/16/2020 10:45,1139.2,1150.8,1135.15,1148.95
4/16/2020 11:00,1148.65,1152.5,1143,1150.65
4/16/2020 11:15,1151,1155.9,1148,1153.2
4/16/2020 11:30,1154,1155.65,1147.05,1150.7
4/16/2020 11:45,1151,1152.5,1145,1148.2
4/16/2020 12:00,1148.3,1155,1147.05,1153.2
4/16/2020 12:15,1153.2,1155.65,1152,1152.75
4/16/2020 12:30,1152.8,1154,1147.4,1148
4/16/2020 12:45,1148,1149.9,1141.7,1149
4/16/2020 13:00,1148.9,1152.5,1146.55,1148
4/16/2020 13:15,1147.45,1152.8,1147,1151.7
4/16/2020 13:30,1151.7,1154.35,1149.3,1152.1
4/16/2020 13:45,1152.1,1153.1,1148,1149.2
4/16/2020 14:00,1149.2,1150.8,1148,1149.95
4/16/2020 14:15,1149.95,1162,1149.5,1161.55
4/16/2020 14:30,1161.85,1161.85,1150.25,1157.85
4/16/2020 14:45,1157.85,1158.9,1149,1150.2
4/16/2020 15:00,1150,1154.1,1143,1147.9
4/16/2020 15:15,1147.85,1152.5,1144.5,1150
4/17/2020 9:15,1169,1193.25,1168,1187.7
4/17/2020 9:30,1187.05,1189.45,1174,1177.9
4/17/2020 9:45,1177.9,1187,1176,1176
4/17/2020 10:00,1176,1183.5,1169.9,1173.7
4/17/2020 10:15,1173.7,1174.6,1165,1168.7
4/17/2020 10:30,1168.7,1171.6,1160.3,1161.7
4/17/2020 10:45,1161.7,1161.7,1150.1,1150.9
4/17/2020 11:00,1150.9,1162,1150.25,1161.8
4/17/2020 11:15,1161.05,1168,1156.3,1158.3
4/17/2020 11:30,1158.3,1163.4,1158.3,1163.15
4/17/2020 11:45,1163.4,1166,1143.8,1146.55
4/17/2020 12:00,1147.3,1149,1136.7,1147.75
4/17/2020 12:15,1148.3,1156,1145.2,1156
4/17/2020 12:30,1156,1159.35,1150,1158.5
4/17/2020 12:45,1158,1171,1156.7,1167.5
4/17/2020 13:00,1167.5,1167.9,1160.45,1162.25
4/17/2020 13:15,1162.25,1165.85,1158,1165.6
4/17/2020 13:30,1164.6,1168,1163,1166
4/17/2020 13:45,1166,1173.9,1165.5,1172
4/17/2020 14:00,1172,1175.1,1168,1171.3
4/17/2020 14:15,1171.3,1179.8,1169.9,1175.05
4/17/2020 14:30,1175,1176.15,1169.4,1173.2
4/17/2020 14:45,1173.2,1174.75,1167,1171
4/17/2020 15:00,1170,1175,1169.8,1172.1
4/17/2020 15:15,1172,1176.9,1168.75,1175
4/20/2020 9:15,1189.95,1197.3,1170.5,1196.3
4/20/2020 9:30,1196.7,1205,1181.5,1185.2
4/20/2020 9:45,1183.9,1195.9,1183.5,1186.2
4/20/2020 10:00,1186.8,1192.5,1184.9,1190.95
4/20/2020 10:15,1191,1192.05,1187.9,1191.6
4/20/2020 10:30,1192,1192,1185.1,1187.5
4/20/2020 10:45,1187.5,1190.85,1184,1187.85
4/20/2020 11:00,1187.9,1190,1185.95,1189.95
4/20/2020 11:15,1189.9,1192.6,1185.45,1191.35
4/20/2020 11:30,1191.35,1192,1185.15,1190.6
4/20/2020 11:45,1190.5,1200,1189.5,1196.55
4/20/2020 12:00,1196.55,1199,1194.35,1195.45
4/20/2020 12:15,1195.45,1196.95,1192.6,1195.4
4/20/2020 12:30,1195.4,1197.1,1191.7,1195
4/20/2020 12:45,1195,1197.85,1192.35,1195.6
4/20/2020 13:00,1195.6,1198.5,1195,1198.45
4/20/2020 13:15,1198.45,1210.5,1198,1201.1
4/20/2020 13:30,1201,1201.05,1192.65,1195.35
4/20/2020 13:45,1195.05,1196,1186.5,1189.7
4/20/2020 14:00,1189.75,1190,1183.05,1184
4/20/2020 14:15,1183.25,1187.95,1179,1187
4/20/2020 14:30,1187.45,1189,1178.45,1182.3
4/20/2020 14:45,1181.8,1182.3,1172.65,1179
4/20/2020 15:00,1178.1,1180,1173,1178.35
4/20/2020 15:15,1178.35,1181,1170.4,1181
4/21/2020 9:15,1167,1167,1139.85,1146.1
4/21/2020 9:30,1146.15,1160,1143.45,1157.45
4/21/2020 9:45,1156.15,1159.95,1151.35,1156.05
4/21/2020 10:00,1156.05,1158,1149.6,1154.4
4/21/2020 10:15,1154.7,1158.5,1153,1153.8
4/21/2020 10:30,1153.5,1155.9,1148.2,1150.5
4/21/2020 10:45,1150.7,1153.75,1148.1,1152
4/21/2020 11:00,1152,1155,1149.9,1152.15
4/21/2020 11:15,1152.15,1153.6,1149,1150.2
4/21/2020 11:30,1150.1,1153,1149.3,1150.95
4/21/2020 11:45,1150.95,1158,1150.4,1154
4/21/2020 12:00,1154,1154.9,1148.95,1149.2
4/21/2020 12:15,1149.25,1150.1,1143.8,1147
4/21/2020 12:30,1147,1150,1145.45,1146.5
4/21/2020 12:45,1146.45,1146.45,1139.65,1139.65
4/21/2020 13:00,1139.65,1143.5,1135,1138
4/21/2020 13:15,1138,1141.9,1136,1140.1
4/21/2020 13:30,1140.15,1145.65,1138.45,1140.8
4/21/2020 13:45,1140.8,1145,1138.1,1139.3
4/21/2020 14:00,1139.2,1140,1132.8,1134.5
4/21/2020 14:15,1134.35,1145,1132.55,1140.2
4/21/2020 14:30,1140.2,1142.95,1134.05,1135.05
4/21/2020 14:45,1135.2,1143,1135,1139
4/21/2020 15:00,1139,1140,1133,1134.05
4/21/2020 15:15,1134.7,1140,1133.6,1135.55
4/22/2020 9:15,1155.15,1177.25,1138.1,1142
4/22/2020 9:30,1140.5,1153.7,1121.25,1130.95
4/22/2020 9:45,1131,1136.9,1120,1129.1
4/22/2020 10:00,1129.1,1164,1126.25,1161.95
4/22/2020 10:15,1161.95,1171.35,1158,1164.95
4/22/2020 10:30,1164.95,1172.95,1161,1172.6
4/22/2020 10:45,1172.35,1173.65,1160.25,1162.25
4/22/2020 11:00,1162.3,1167.95,1161,1166.3
4/22/2020 11:15,1166.3,1177.55,1165.5,1167.8
4/22/2020 11:30,1167.8,1173.1,1163.7,1170.8
4/22/2020 11:45,1170.8,1171.4,1164.3,1168.3
4/22/2020 12:00,1168,1172.9,1166.35,1169.3
4/22/2020 12:15,1169.3,1170,1163.85,1164.5
4/22/2020 12:30,1164.4,1171.85,1164,1168.8
4/22/2020 12:45,1168.75,1172,1167.3,1169.55
4/22/2020 13:00,1169.55,1182.4,1169.5,1178
4/22/2020 13:15,1177.6,1179.95,1171.05,1172.6
4/22/2020 13:30,1172.45,1175,1162.5,1166
4/22/2020 13:45,1166,1173.3,1162.5,1168.75
4/22/2020 14:00,1168.65,1179.45,1166.4,1176.25
4/22/2020 14:15,1176.25,1210.9,1173.65,1203.25
4/22/2020 14:30,1203.5,1216,1199.6,1208
4/22/2020 14:45,1208,1224.85,1208,1220.9
4/22/2020 15:00,1220.75,1244,1220.35,1222.25
4/22/2020 15:15,1222.55,1239.15,1217.1,1233.65
4/23/2020 9:15,1228.95,1237.7,1212.35,1219.8
4/23/2020 9:30,1219.8,1227.65,1210.6,1213.95
4/23/2020 9:45,1213.95,1236,1211,1232
4/23/2020 10:00,1232,1232.05,1218.15,1223.5
4/23/2020 10:15,1223.5,1226.25,1216,1217.3
4/23/2020 10:30,1217,1221.8,1212.9,1219
4/23/2020 10:45,1219,1220.7,1218.1,1219.1
4/23/2020 11:00,1219.1,1219.9,1212.3,1213.7
4/23/2020 11:15,1213.6,1217,1205.1,1208
4/23/2020 11:30,1208,1211.5,1206.05,1209.8
4/23/2020 11:45,1209.25,1210,1205.25,1209.9
4/23/2020 12:00,1209.9,1212.25,1206,1209.2
4/23/2020 12:15,1209.5,1211.95,1207,1209.95
4/23/2020 12:30,1209.5,1210.8,1194.65,1199
4/23/2020 12:45,1198.95,1201,1196,1199.85
4/23/2020 13:00,1199.5,1200.95,1187.25,1190.8
4/23/2020 13:15,1191,1191,1180.1,1188.25
4/23/2020 13:30,1188.25,1191.95,1178,1188.75
4/23/2020 13:45,1188.85,1194,1187.35,1189.85
4/23/2020 14:00,1189.85,1190.85,1185.35,1188.3
4/23/2020 14:15,1188.35,1194.95,1183.4,1186.1
4/23/2020 14:30,1186.1,1194.5,1183,1189.4
4/23/2020 14:45,1190.05,1190.6,1186.25,1189.35
4/23/2020 15:00,1189.3,1190,1185,1187.95
4/23/2020 15:15,1188,1199.9,1185.95,1196
4/24/2020 9:15,1182,1193,1170.95,1184.5
4/24/2020 9:30,1184.5,1185.4,1176,1180.2
4/24/2020 9:45,1180.3,1185.9,1177.5,1181.7
4/24/2020 10:00,1181.7,1183.85,1176,1176.6
4/24/2020 10:15,1176.6,1180,1174.95,1178.05
4/24/2020 10:30,1176.15,1177.5,1163,1165.1
4/24/2020 10:45,1165.4,1171.3,1165,1169.15
4/24/2020 11:00,1169.15,1171.65,1166.5,1169.65
4/24/2020 11:15,1169.65,1169.8,1164,1165
4/24/2020 11:30,1165.65,1167.8,1160.35,1163.7
4/24/2020 11:45,1164.3,1166,1162,1164.5
4/24/2020 12:00,1164.5,1166.7,1162.05,1163.65
4/24/2020 12:15,1163.65,1167.9,1163.65,1167.8
4/24/2020 12:30,1167.9,1174.2,1165.9,1167.55
4/24/2020 12:45,1167.5,1167.55,1163,1167
4/24/2020 13:00,1167,1168.25,1164.1,1165.4
4/24/2020 13:15,1165.4,1168,1164.05,1165.1
4/24/2020 13:30,1165.1,1167.45,1164.2,1165.5
4/24/2020 13:45,1164.95,1165.5,1160.4,1163
4/24/2020 14:00,1163,1165,1161.6,1164.6
4/24/2020 14:15,1164.4,1166.25,1161,1166.25
4/24/2020 14:30,1166.25,1172.75,1165.45,1167.65
4/24/2020 14:45,1167.65,1167.95,1155.95,1160
4/24/2020 15:00,1160,1161.45,1155.25,1160.5
4/24/2020 15:15,1159.95,1161,1152.6,1156
4/27/2020 9:15,1170.1,1173.85,1155.95,1166.25
4/27/2020 9:30,1166.95,1172,1158,1164.65
4/27/2020 9:45,1164.65,1164.65,1156.05,1160
4/27/2020 10:00,1159.9,1180.9,1159.5,1172.5
4/27/2020 10:15,1171.8,1173,1164.9,1164.9
4/27/2020 10:30,1164.15,1166.9,1162.7,1164.55
4/27/2020 10:45,1164.55,1167.5,1160.2,1165.6
4/27/2020 11:00,1165.5,1166.25,1162.1,1164.8
4/27/2020 11:15,1164.8,1165.15,1157.25,1157.8
4/27/2020 11:30,1158.15,1160,1148.75,1149.9
4/27/2020 11:45,1149.95,1151.15,1145,1146.95
4/27/2020 12:00,1146.65,1156.5,1145.65,1149.85
4/27/2020 12:15,1149.85,1151.4,1146.2,1146.5
4/27/2020 12:30,1146.5,1147.85,1140.95,1146.1
4/27/2020 12:45,1146.1,1150,1145.65,1149.75
4/27/2020 13:00,1150,1151.8,1145.3,1147
4/27/2020 13:15,1147,1148.05,1144.25,1146.2
4/27/2020 13:30,1146.2,1147.3,1144.5,1146.4
4/27/2020 13:45,1146.4,1151.4,1144,1146.6
4/27/2020 14:00,1146.6,1147.95,1143,1144.35
4/27/2020 14:15,1144.35,1144.4,1138.75,1140.7
4/27/2020 14:30,1140.7,1141.8,1137.55,1138
4/27/2020 14:45,1137.55,1139,1136.05,1138
4/27/2020 15:00,1138,1140,1137,1138.5
4/27/2020 15:15,1138.5,1140.45,1134.5,1140
4/28/2020 9:15,1158,1158,1146.8,1148.95
4/28/2020 9:30,1148.95,1149,1138,1144.2
4/28/2020 9:45,1144.2,1147.6,1139,1145.35
4/28/2020 10:00,1145.7,1147.75,1140.7,1144.45
4/28/2020 10:15,1144.45,1148,1144.05,1146.3
4/28/2020 10:30,1146.3,1147.4,1143.1,1143.6
4/28/2020 10:45,1143.6,1145.15,1143.35,1144.5
4/28/2020 11:00,1144.7,1152.1,1144.5,1147.1
4/28/2020 11:15,1148.2,1149,1143.7,1148.85
4/28/2020 11:30,1149.75,1149.8,1146.7,1148
4/28/2020 11:45,1148,1151.5,1135.25,1137.55
4/28/2020 12:00,1137.55,1139.2,1132.7,1134.5
4/28/2020 12:15,1134.5,1137.6,1129.75,1135
4/28/2020 12:30,1135,1138.7,1131.5,1132.35
4/28/2020 12:45,1132.35,1134.1,1130.6,1130.95
4/28/2020 13:00,1130.95,1132.45,1126,1126.4
4/28/2020 13:15,1126.35,1134,1124.55,1132
4/28/2020 13:30,1131.8,1135.75,1130.55,1134
4/28/2020 13:45,1134,1135.4,1131.3,1132
4/28/2020 14:00,1132,1134.9,1131.45,1133.75
4/28/2020 14:15,1133.75,1134.3,1126,1128.2
4/28/2020 14:30,1129,1129.8,1122,1123.05
4/28/2020 14:45,1123.05,1128.3,1122.55,1127
4/28/2020 15:00,1127,1128,1124,1124.25
4/28/2020 15:15,1124.25,1133,1122.55,1132
4/29/2020 9:15,1128,1128,1107.45,1115.95
4/29/2020 9:30,1116,1122,1111,1121.55
4/29/2020 9:45,1121.75,1126.5,1119.5,1120
4/29/2020 10:00,1120,1123.7,1119.45,1120.55
4/29/2020 10:15,1121,1125,1119.9,1120.4
4/29/2020 10:30,1120.4,1121.65,1119.7,1120.15
4/29/2020 10:45,1120.45,1125.65,1120,1122.2
4/29/2020 11:00,1122.2,1123.1,1120,1120
4/29/2020 11:15,1120,1121.7,1119.6,1120.4
4/29/2020 11:30,1120.4,1122.65,1120,1120.5
4/29/2020 11:45,1120.5,1121,1119.65,1120.05
4/29/2020 12:00,1120,1123.35,1120,1122.5
4/29/2020 12:15,1122.5,1124.85,1120.5,1120.85
4/29/2020 12:30,1120.85,1122.5,1120,1120.9
4/29/2020 12:45,1121.1,1121.45,1119.5,1120.15
4/29/2020 13:00,1120.15,1120.95,1119.45,1120.55
4/29/2020 13:15,1120.25,1139.95,1120.05,1132.95
4/29/2020 13:30,1133.45,1135.9,1125.1,1127.75
4/29/2020 13:45,1127.75,1132,1126,1128
4/29/2020 14:00,1127.95,1130,1125,1126.15
4/29/2020 14:15,1126.15,1126.45,1115,1123.55
4/29/2020 14:30,1123.55,1127.55,1122.8,1124.9
4/29/2020 14:45,1124.9,1127,1122.75,1124.7
4/29/2020 15:00,1124.7,1127,1120,1121.05
4/29/2020 15:15,1120.95,1129,1120.35,1126.9
4/30/2020 9:15,1139.25,1146.45,1137.05,1141.35
4/30/2020 9:30,1141,1152,1139.15,1148.65
4/30/2020 9:45,1148.05,1159.9,1146.1,1154.85
4/30/2020 10:00,1154.85,1162.85,1152.6,1160.55
4/30/2020 10:15,1160.4,1176.5,1158,1166.7
4/30/2020 10:30,1166.25,1171.85,1164.9,1165.75
4/30/2020 10:45,1165.75,1167.8,1159.25,1163.2
4/30/2020 11:00,1163.2,1180,1162.5,1179.9
4/30/2020 11:15,1180,1186,1175.25,1179.6
4/30/2020 11:30,1179.6,1181.75,1176.2,1181
4/30/2020 11:45,1181,1189,1181,1186.75
4/30/2020 12:00,1186.5,1191.5,1186,1189.45
4/30/2020 12:15,1189.45,1192.8,1185.55,1186.7
4/30/2020 12:30,1186.7,1187,1178.2,1184.3
4/30/2020 12:45,1184.3,1185.2,1168.5,1172.75
4/30/2020 13:00,1172.75,1174,1164.65,1168
4/30/2020 13:15,1168,1172.9,1166,1170.5
4/30/2020 13:30,1170.5,1176.45,1170.5,1172.95
4/30/2020 13:45,1172.5,1176,1169.55,1174.6
4/30/2020 14:00,1174.6,1181.4,1174,1178.65
4/30/2020 14:15,1178.3,1179.45,1176.05,1177.05
4/30/2020 14:30,1177.05,1178,1171.45,1173
4/30/2020 14:45,1173.5,1184.55,1172.1,1172.1
4/30/2020 15:00,1172,1185,1171.2,1183.1
4/30/2020 15:15,1183.1,1183.4,1168.6,1170.1
5/4/2020 9:15,1130,1149.4,1125.05,1143.05
5/4/2020 9:30,1140.4,1147.25,1133,1139.95
5/4/2020 9:45,1139.95,1146,1135.8,1135.8
5/4/2020 10:00,1135.8,1139.6,1131,1134.6
5/4/2020 10:15,1134.2,1138,1128.55,1135.3
5/4/2020 10:30,1133.65,1141.3,1131.15,1131.75
5/4/2020 10:45,1131.75,1139,1131.5,1134.3
5/4/2020 11:00,1134.3,1135.9,1131.5,1133.5
5/4/2020 11:15,1133.5,1134.95,1127.55,1128
5/4/2020 11:30,1128,1132.35,1123,1128.1
5/4/2020 11:45,1128.1,1131.4,1124.5,1125.45
5/4/2020 12:00,1125.45,1128,1123.55,1124.95
5/4/2020 12:15,1125,1130,1124.4,1129
5/4/2020 12:30,1129,1130,1125.25,1129.15
5/4/2020 12:45,1129.3,1129.75,1118.45,1121.2
5/4/2020 13:00,1120.4,1126.35,1117.2,1123.1
5/4/2020 13:15,1123.1,1126.9,1123.1,1125.05
5/4/2020 13:30,1125.05,1128.2,1123.4,1125.55
5/4/2020 13:45,1125.55,1127,1124,1126
5/4/2020 14:00,1126,1126.6,1124.2,1125
5/4/2020 14:15,1125,1126,1124,1125.05
5/4/2020 14:30,1125.05,1126.65,1123.55,1125.25
5/4/2020 14:45,1125.25,1126.65,1123.3,1125
5/4/2020 15:00,1125.1,1127.25,1123.75,1127
5/4/2020 15:15,1127,1131.9,1125.55,1129.7
5/5/2020 9:15,1137.65,1158.8,1133.1,1151.75
5/5/2020 9:30,1151.35,1166,1144.6,1162.15
5/5/2020 9:45,1162.15,1163,1150.05,1160
5/5/2020 10:00,1159.65,1164.6,1152.45,1164.1
5/5/2020 10:15,1163.45,1167.8,1158,1159.15
5/5/2020 10:30,1159,1160.55,1153.2,1154
5/5/2020 10:45,1154.05,1159.25,1151,1156.25
5/5/2020 11:00,1156.25,1160.45,1150,1152.05
5/5/2020 11:15,1152.05,1152.05,1145.1,1148.1
5/5/2020 11:30,1148.1,1151.45,1147,1148.5
5/5/2020 11:45,1148.5,1148.5,1135.1,1140
5/5/2020 12:00,1140,1145.7,1135.3,1142
5/5/2020 12:15,1142,1142,1136.05,1140.9
5/5/2020 12:30,1140.7,1142.95,1138.3,1142.95
5/5/2020 12:45,1142.95,1158.6,1141.35,1153.1
5/5/2020 13:00,1154.4,1159,1150,1152.9
5/5/2020 13:15,1152.9,1153.35,1145.3,1147.4
5/5/2020 13:30,1147.4,1157.7,1144.7,1155.5
5/5/2020 13:45,1155.9,1156.65,1149.5,1153.5
5/5/2020 14:00,1153.5,1153.5,1142.45,1145.6
5/5/2020 14:15,1144.6,1146.25,1133,1134.25
5/5/2020 14:30,1134.25,1138.25,1128.5,1133.6
5/5/2020 14:45,1133.6,1136.9,1128.05,1133.65
5/5/2020 15:00,1134.05,1134.05,1125.75,1131
5/5/2020 15:15,1131,1144.95,1130.05,1144.4
5/6/2020 9:15,1145,1160.9,1143,1155.8
5/6/2020 9:30,1154.8,1164.95,1150.25,1159.7
5/6/2020 9:45,1159.65,1170.75,1159.5,1167.25
5/6/2020 10:00,1167.25,1169.95,1162,1166.25
5/6/2020 10:15,1166,1174,1161,1173
5/6/2020 10:30,1172.75,1173.5,1162,1163.1
5/6/2020 10:45,1163.1,1165.95,1161,1164.9
5/6/2020 11:00,1164.9,1167,1157.1,1160.2
5/6/2020 11:15,1160.2,1167,1160,1166.8
5/6/2020 11:30,1167,1172,1162.5,1164.45
5/6/2020 11:45,1164.45,1177.15,1162.5,1173.2
5/6/2020 12:00,1173.2,1177.9,1169.6,1171.95
5/6/2020 12:15,1171.5,1176,1171,1175.65
5/6/2020 12:30,1175.25,1178,1171.85,1173.8
5/6/2020 12:45,1173.8,1177.5,1173,1175.5
5/6/2020 13:00,1175.75,1183.5,1173.45,1173.9
5/6/2020 13:15,1173.15,1177,1170.1,1173.55
5/6/2020 13:30,1172.8,1179.7,1171,1176.2
5/6/2020 13:45,1176.1,1177.95,1169.4,1173.15
5/6/2020 14:00,1173.15,1174.65,1168.05,1170.15
5/6/2020 14:15,1170.8,1170.8,1162.25,1164.9
5/6/2020 14:30,1164.9,1169.5,1158.9,1167.3
5/6/2020 14:45,1167.05,1174,1163.45,1173
5/6/2020 15:00,1172.95,1190,1170,1184.45
5/6/2020 15:15,1184.25,1187.5,1180,1182.85
5/7/2020 9:15,1178.9,1198.95,1170.05,1196.05
5/7/2020 9:30,1195.85,1199,1189.15,1197.25
5/7/2020 9:45,1196.7,1204,1186,1186
5/7/2020 10:00,1186.15,1194.9,1180.1,1183.85
5/7/2020 10:15,1183.85,1188,1175.75,1176.2
5/7/2020 10:30,1176.2,1179.25,1172.55,1175.8
5/7/2020 10:45,1176.6,1182.75,1175,1180
5/7/2020 11:00,1180,1181.9,1173.95,1178.95
5/7/2020 11:15,1180,1181.15,1166.9,1169.6
5/7/2020 11:30,1169.6,1174.8,1169.2,1172.6
5/7/2020 11:45,1172.45,1172.45,1167.5,1170.6
5/7/2020 12:00,1170.6,1171.95,1168.15,1171
5/7/2020 12:15,1170.2,1175.75,1168.55,1169.8
5/7/2020 12:30,1169,1174.45,1169,1173
5/7/2020 12:45,1172.5,1177.65,1172,1173.95
5/7/2020 13:00,1173.95,1173.95,1171,1172
5/7/2020 13:15,1172,1173,1162,1164.6
5/7/2020 13:30,1164.9,1166,1155.2,1157.7
5/7/2020 13:45,1157.7,1160,1152.25,1158.8
5/7/2020 14:00,1158.8,1163.5,1157.55,1158.35
5/7/2020 14:15,1158.35,1162.6,1157.75,1161.4
5/7/2020 14:30,1161.4,1163.6,1158.3,1159.5
5/7/2020 14:45,1159.5,1159.5,1153.5,1159.35
5/7/2020 15:00,1159.35,1159.35,1150,1151
5/7/2020 15:15,1151,1159.5,1147.1,1158
5/8/2020 9:15,1166,1179,1161.8,1162.85
5/8/2020 9:30,1162.85,1169.9,1162,1164
5/8/2020 9:45,1164,1167.3,1153.1,1156.95
5/8/2020 10:00,1156.95,1160.5,1154,1154
5/8/2020 10:15,1154,1158,1154,1155.9
5/8/2020 10:30,1155.9,1162,1155.9,1157.9
5/8/2020 10:45,1157.9,1157.9,1155,1155.3
5/8/2020 11:00,1155.3,1156.4,1145.5,1148.4
5/8/2020 11:15,1147.8,1152.65,1146,1149
5/8/2020 11:30,1149,1166.65,1148.75,1164.05
5/8/2020 11:45,1165,1165,1160.1,1161
5/8/2020 12:00,1161,1162.65,1155.45,1159.6
5/8/2020 12:15,1159.6,1164,1157,1159
5/8/2020 12:30,1159,1159,1155.3,1156.8
5/8/2020 12:45,1156.8,1161.65,1156.8,1161
5/8/2020 13:00,1161,1162.85,1156,1159.1
5/8/2020 13:15,1159.1,1159.1,1151.15,1153.75
5/8/2020 13:30,1153.75,1157.75,1152,1156.3
5/8/2020 13:45,1156.3,1161,1151,1153.9
5/8/2020 14:00,1153.9,1158,1151.45,1153.85
5/8/2020 14:15,1153.85,1155,1151.7,1154
5/8/2020 14:30,1154,1154.1,1147.1,1151.85
5/8/2020 14:45,1151.85,1153,1148.65,1152.15
5/8/2020 15:00,1151.85,1156.2,1151.05,1152.2
5/8/2020 15:15,1152.65,1157.75,1148.6,1153
5/11/2020 9:15,1162,1172.4,1160.05,1164.6
5/11/2020 9:30,1164.6,1177.45,1163,1174
5/11/2020 9:45,1174.4,1181.5,1172.3,1176.8
5/11/2020 10:00,1176.8,1177.25,1165,1174.2
5/11/2020 10:15,1174.9,1177,1170.2,1176.6
5/11/2020 10:30,1176.5,1176.6,1169.05,1169.3
5/11/2020 10:45,1170.1,1171.5,1166.5,1169.15
5/11/2020 11:00,1169.15,1173.3,1168.15,1170
5/11/2020 11:15,1170,1171.65,1165,1167
5/11/2020 11:30,1167,1167,1163,1165.05
5/11/2020 11:45,1165.05,1171.5,1164.55,1169.7
5/11/2020 12:00,1169.7,1173.45,1166.05,1170.85
5/11/2020 12:15,1170.9,1171.45,1168,1169
5/11/2020 12:30,1169,1175.95,1168.85,1172.1
5/11/2020 12:45,1172.7,1180,1171,1179.45
5/11/2020 13:00,1178.5,1184.65,1175,1183
5/11/2020 13:15,1183.1,1187.95,1179.4,1184.25
5/11/2020 13:30,1184.15,1184.6,1180.35,1182.1
5/11/2020 13:45,1182.1,1182.85,1174.4,1176.6
5/11/2020 14:00,1176.6,1179,1168.15,1170.75
5/11/2020 14:15,1170.15,1176,1167.15,1173.75
5/11/2020 14:30,1173.75,1174.45,1170.55,1174
5/11/2020 14:45,1174.45,1178.5,1170.05,1171.4
5/11/2020 15:00,1171.4,1173,1170.5,1170.8
5/11/2020 15:15,1170.8,1171.2,1166.3,1169.7
5/12/2020 9:15,1165.8,1172,1155.05,1169.9
5/12/2020 9:30,1168.75,1168.75,1157,1161.4
5/12/2020 9:45,1161.4,1161.9,1155.4,1156.9
5/12/2020 10:00,1156.9,1158.95,1151.5,1158.85
5/12/2020 10:15,1158.85,1161.9,1155,1156.75
5/12/2020 10:30,1156.75,1161,1155.25,1157.2
5/12/2020 10:45,1157.2,1159.95,1155.15,1158.75
5/12/2020 11:00,1158.75,1159,1155.25,1158.5
5/12/2020 11:15,1158.5,1158.8,1155.7,1156.3
5/12/2020 11:30,1156.3,1157.25,1152.5,1154
5/12/2020 11:45,1154.1,1155.3,1152,1153.3
5/12/2020 12:00,1153.3,1155,1151.55,1152.6
5/12/2020 12:15,1152.65,1152.65,1147.2,1151.7
5/12/2020 12:30,1151.65,1155.3,1150.4,1153.05
5/12/2020 12:45,1153.05,1157,1150.25,1156.9
5/12/2020 13:00,1156.9,1160,1156.55,1157.5
5/12/2020 13:15,1157.5,1163.95,1156.85,1162.3
5/12/2020 13:30,1162.75,1166,1160,1164.15
5/12/2020 13:45,1164.15,1165.6,1157.65,1159.1
5/12/2020 14:00,1159.1,1166.85,1159.1,1164
5/12/2020 14:15,1164,1168.95,1164,1167.5
5/12/2020 14:30,1167.5,1172,1161.65,1166.6
5/12/2020 14:45,1166.6,1171.9,1165.3,1169.65
5/12/2020 15:00,1169.65,1171,1163.55,1166
5/12/2020 15:15,1166,1171.55,1165.25,1166
5/13/2020 9:15,1220,1222.6,1197.35,1210.8
5/13/2020 9:30,1211.95,1217.95,1200,1200.05
5/13/2020 9:45,1200.6,1219,1195.55,1217.7
5/13/2020 10:00,1217.55,1239.6,1216.95,1237.95
5/13/2020 10:15,1238,1245.35,1233.6,1242.9
5/13/2020 10:30,1243,1256,1242.5,1250
5/13/2020 10:45,1250,1257,1243.3,1249.5
5/13/2020 11:00,1249.1,1253,1246.15,1248
5/13/2020 11:15,1248.1,1249,1237,1241
5/13/2020 11:30,1241.05,1241.2,1232.5,1236.9
5/13/2020 11:45,1236.1,1243.6,1235,1238.2
5/13/2020 12:00,1238.2,1242,1236,1241
5/13/2020 12:15,1241,1243.45,1226.45,1227.5
5/13/2020 12:30,1227.5,1228,1222.1,1227.5
5/13/2020 12:45,1227.4,1228,1224.1,1226.65
5/13/2020 13:00,1226.75,1226.8,1205,1214.4
5/13/2020 13:15,1214.4,1219.95,1213,1216.25
5/13/2020 13:30,1216.3,1216.75,1210.3,1213.15
5/13/2020 13:45,1213.15,1217.35,1207.3,1207.7
5/13/2020 14:00,1207.65,1213.45,1207.25,1208.3
5/13/2020 14:15,1208.3,1213,1207,1212.2
5/13/2020 14:30,1212.6,1217.2,1210.6,1212.2
5/13/2020 14:45,1212.4,1213.45,1205.05,1205.3
5/13/2020 15:00,1205.3,1211.15,1203.2,1207.4
5/13/2020 15:15,1207.45,1214,1202.4,1214
5/14/2020 9:15,1200,1207.75,1187,1207
5/14/2020 9:30,1206.75,1219.4,1206.75,1210
5/14/2020 9:45,1209.4,1210.6,1197,1198.1
5/14/2020 10:00,1198,1199.9,1193,1196
5/14/2020 10:15,1196,1197.25,1190,1193.95
5/14/2020 10:30,1193.95,1196.5,1192.05,1195
5/14/2020 10:45,1195,1195,1190.5,1192.3
5/14/2020 11:00,1192.3,1193.45,1185,1187.6
5/14/2020 11:15,1187.6,1189.5,1182.2,1183.1
5/14/2020 11:30,1183.65,1184.8,1180.8,1184
5/14/2020 11:45,1184.05,1187,1182.05,1182.95
5/14/2020 12:00,1182.95,1186,1182.55,1184.8
5/14/2020 12:15,1184.8,1185,1183.55,1185
5/14/2020 12:30,1184.5,1192.75,1184.5,1189
5/14/2020 12:45,1189.15,1191.6,1184,1184.3
5/14/2020 13:00,1184.3,1190,1184.1,1187.3
5/14/2020 13:15,1186.8,1187.4,1183.15,1183.55
5/14/2020 13:30,1183.55,1184.6,1180.05,1180.1
5/14/2020 13:45,1180.1,1184.8,1180.05,1183.2
5/14/2020 14:00,1183.2,1183.85,1177.05,1179.9
5/14/2020 14:15,1179.9,1181.55,1176.5,1177
5/14/2020 14:30,1177.45,1187,1175.5,1185
5/14/2020 14:45,1184.25,1186.3,1182.3,1184.85
5/14/2020 15:00,1184.8,1191,1184.55,1187.3
5/14/2020 15:15,1187.4,1194,1186.45,1191
5/15/2020 9:15,1200,1201.95,1185.2,1192.95
5/15/2020 9:30,1192.95,1202.9,1190.1,1196.6
5/15/2020 9:45,1197.7,1205,1191.55,1193
5/15/2020 10:00,1193,1196.2,1188.25,1194.9
5/15/2020 10:15,1194.9,1195.5,1190,1192.5
5/15/2020 10:30,1192.4,1193,1180.55,1181.4
5/15/2020 10:45,1181.4,1182.5,1173.05,1176.9
5/15/2020 11:00,1177,1180,1176.9,1178.4
5/15/2020 11:15,1179.05,1179.1,1175.1,1177.25
5/15/2020 11:30,1176.85,1179.95,1176.5,1179.1
5/15/2020 11:45,1179.5,1184.5,1179,1182.05
5/15/2020 12:00,1182.5,1184,1180.1,1182.5
5/15/2020 12:15,1182.5,1188.25,1182.25,1183.5
5/15/2020 12:30,1183.5,1187.95,1183.5,1185.7
5/15/2020 12:45,1185.75,1195,1185.5,1189.95
5/15/2020 13:00,1190,1190,1183.35,1184.9
5/15/2020 13:15,1185.5,1185.5,1183,1184.9
5/15/2020 13:30,1184.9,1185.6,1183,1184.8
5/15/2020 13:45,1184.8,1185,1183.05,1184.75
5/15/2020 14:00,1184.7,1185.4,1184,1184.3
5/15/2020 14:15,1184.2,1185,1181,1184.7
5/15/2020 14:30,1184.7,1192.95,1183,1189.8
5/15/2020 14:45,1189.85,1194.7,1187.2,1189.4
5/15/2020 15:00,1189.4,1197,1188.5,1195.9
5/15/2020 15:15,1195.9,1198,1187.75,1192.8
5/18/2020 9:15,1202,1202,1180.1,1182.1
5/18/2020 9:30,1182,1184.45,1176,1176
5/18/2020 9:45,1176.2,1178.5,1165.05,1168.5
5/18/2020 10:00,1168.5,1175.8,1166.5,1170.05
5/18/2020 10:15,1170.05,1174.4,1168.15,1169
5/18/2020 10:30,1169.05,1170,1162.5,1166.45
5/18/2020 10:45,1166.45,1166.45,1154.05,1154.05
5/18/2020 11:00,1154.2,1158.75,1150,1155.7
5/18/2020 11:15,1155.7,1156,1146,1148
5/18/2020 11:30,1147.05,1153.9,1142.9,1151.7
5/18/2020 11:45,1151.7,1155.65,1149,1149.05
5/18/2020 12:00,1149.05,1151.45,1140.8,1143
5/18/2020 12:15,1143,1147.35,1140.05,1147.1
5/18/2020 12:30,1146.9,1149,1144.05,1147.95
5/18/2020 12:45,1147.95,1149.2,1144.1,1145.25
5/18/2020 13:00,1145.05,1146,1143,1144.3
5/18/2020 13:15,1144.35,1145.55,1143,1143.9
5/18/2020 13:30,1143.9,1148.55,1141.35,1144.65
5/18/2020 13:45,1144.8,1148.95,1144.65,1147.6
5/18/2020 14:00,1148,1148.65,1144.45,1147.2
5/18/2020 14:15,1147.2,1149.95,1144.05,1145.75
5/18/2020 14:30,1145.75,1146,1142.9,1144.75
5/18/2020 14:45,1144.75,1145.05,1141,1141
5/18/2020 15:00,1141.25,1141.7,1133,1136.95
5/18/2020 15:15,1136.95,1137.9,1125,1132.75
5/19/2020 9:15,1140.05,1149,1135,1138.5
5/19/2020 9:30,1138.5,1139,1130,1134.55
5/19/2020 9:45,1134.75,1145,1134.2,1138.5
5/19/2020 10:00,1138,1144.85,1136,1144.5
5/19/2020 10:15,1144.95,1151.55,1144.5,1147.6
5/19/2020 10:30,1148.05,1150,1144.15,1145.1
5/19/2020 10:45,1145.05,1147,1140.35,1144.05
5/19/2020 11:00,1144.4,1145,1138,1138.1
5/19/2020 11:15,1138.1,1142.25,1134.25,1141.15
5/19/2020 11:30,1141.15,1145.4,1140.1,1142.55
5/19/2020 11:45,1142.55,1147.9,1140.1,1144.2
5/19/2020 12:00,1144.2,1149,1143.25,1148.1
5/19/2020 12:15,1147.5,1153.7,1144.65,1152.2
5/19/2020 12:30,1152.2,1152.6,1145.75,1149.4
5/19/2020 12:45,1149.45,1158.45,1149.45,1154.25
5/19/2020 13:00,1154.65,1155,1143,1145.55
5/19/2020 13:15,1145.55,1150.5,1144.05,1147
5/19/2020 13:30,1147,1148.4,1138,1145
5/19/2020 13:45,1145,1146,1140.3,1142.45
5/19/2020 14:00,1141.6,1145,1140.7,1141.8
5/19/2020 14:15,1142.4,1145.85,1141.05,1143.9
5/19/2020 14:30,1143.9,1145,1141,1142.45
5/19/2020 14:45,1142.45,1145.65,1139.8,1141.55
5/19/2020 15:00,1141.55,1141.6,1135,1138
5/19/2020 15:15,1137.75,1141.75,1135,1136.5
5/20/2020 9:15,1136.45,1156.5,1130.6,1148
5/20/2020 9:30,1148,1155.45,1146.5,1154.5
5/20/2020 9:45,1154.5,1162.8,1154,1155.7
5/20/2020 10:00,1155.7,1162,1154.05,1158.3
5/20/2020 10:15,1158.3,1158.35,1148,1150.5

